file	percent	reads	taxon_id	taxon_name
ERR3450203.kaiju.out	19.993149	3988375	186803	Lachnospiraceae
ERR3450203.kaiju.out	12.523397	2498256	1647988	Akkermansiaceae
ERR3450203.kaiju.out	10.944914	2183369	541000	Ruminococcaceae
ERR3450203.kaiju.out	10.190239	2032821	31979	Clostridiaceae
ERR3450203.kaiju.out	3.157232	629827	815	Bacteroidaceae
ERR3450203.kaiju.out	1.527006	304618	171550	Rikenellaceae
ERR3450203.kaiju.out	1.463523	291954	186806	Eubacteriaceae
ERR3450203.kaiju.out	1.028859	205244	128827	Erysipelotrichaceae
ERR3450203.kaiju.out	0.978880	195274	171552	Prevotellaceae
ERR3450203.kaiju.out	0.923338	184194	2005525	Tannerellaceae
ERR3450203.kaiju.out	0.690892	137824	84107	Coriobacteriaceae
ERR3450203.kaiju.out	0.647987	129265	909930	Acidaminococcaceae
ERR3450203.kaiju.out	0.393625	78523	1643826	Eggerthellaceae
ERR3450203.kaiju.out	0.318968	63630	995019	Sutterellaceae
ERR3450203.kaiju.out	0.308401	61522	216572	Oscillospiraceae
ERR3450203.kaiju.out	0.299864	59819	1300	Streptococcaceae
ERR3450203.kaiju.out	0.264579	52780	1853231	Odoribacteraceae
ERR3450203.kaiju.out	0.147959	29516	2005519	Barnesiellaceae
ERR3450203.kaiju.out	0.075223	15006	186804	Peptostreptococcaceae
ERR3450203.kaiju.out	0.054164	10805	194924	Desulfovibrionaceae
ERR3450203.kaiju.out	0.048820	9739	186822	Paenibacillaceae
ERR3450203.kaiju.out	0.046635	9303	186817	Bacillaceae
ERR3450203.kaiju.out	0.045421	9061	990719	Christensenellaceae
ERR3450203.kaiju.out	0.038544	7689	2049	Actinomycetaceae
ERR3450203.kaiju.out	0.034473	6877	543	Enterobacteriaceae
ERR3450203.kaiju.out	0.033822	6747	1843491	Selenomonadaceae
ERR3450203.kaiju.out	0.032528	6489	1643824	Atopobiaceae
ERR3450203.kaiju.out	0.031275	6239	31977	Veillonellaceae
ERR3450203.kaiju.out	0.030649	6114	2810280	Coprobacillaceae
ERR3450203.kaiju.out	0.028929	5771	1268	Micrococcaceae
ERR3450203.kaiju.out	0.028919	5769	543314	Clostridiales Family XIII. Incertae Sedis
ERR3450203.kaiju.out	0.028734	5732	2304686	Hungateiclostridiaceae
ERR3450203.kaiju.out	0.027385	5463	31953	Bifidobacteriaceae
ERR3450203.kaiju.out	0.026914	5369	171551	Porphyromonadaceae
ERR3450203.kaiju.out	0.024042	4796	186807	Peptococcaceae
ERR3450203.kaiju.out	0.023440	4676	137	Spirochaetaceae
ERR3450203.kaiju.out	0.021310	4251	33958	Lactobacillaceae
ERR3450203.kaiju.out	0.020623	4114	49546	Flavobacteriaceae
ERR3450203.kaiju.out	0.019355	3861	1570339	Peptoniphilaceae
ERR3450203.kaiju.out	0.018472	3685	75682	Oxalobacteraceae
ERR3450203.kaiju.out	0.017996	3590	2005520	Dysgonomonadaceae
ERR3450203.kaiju.out	0.017976	3586	31984	Heliobacteriaceae
ERR3450203.kaiju.out	0.016603	3312	203492	Fusobacteriaceae
ERR3450203.kaiju.out	0.016357	3263	81852	Enterococcaceae
ERR3450203.kaiju.out	0.013630	2719	203557	Verrucomicrobiaceae
ERR3450203.kaiju.out	0.011359	2266	41295	Rhodospirillaceae
ERR3450203.kaiju.out	0.010798	2154	468	Moraxellaceae
ERR3450203.kaiju.out	0.009740	1943	84566	Sphingobacteriaceae
ERR3450203.kaiju.out	0.009399	1875	433	Acetobacteraceae
ERR3450203.kaiju.out	0.008998	1795	186828	Carnobacteriaceae
ERR3450203.kaiju.out	0.008201	1636	1129771	Leptotrichiaceae
ERR3450203.kaiju.out	0.008146	1625	186820	Listeriaceae
ERR3450203.kaiju.out	0.007740	1544	712	Pasteurellaceae
ERR3450203.kaiju.out	0.007239	1444	1843490	Sporomusaceae
ERR3450203.kaiju.out	0.006993	1395	563835	Chitinophagaceae
ERR3450203.kaiju.out	0.006712	1339	83763	Succinivibrionaceae
ERR3450203.kaiju.out	0.006707	1338	85017	Promicromonosporaceae
ERR3450203.kaiju.out	0.006597	1316	2159	Methanobacteriaceae
ERR3450203.kaiju.out	0.006487	1294	204431	Fibrobacteraceae
ERR3450203.kaiju.out	0.006326	1262	119060	Burkholderiaceae
ERR3450203.kaiju.out	0.006211	1239	31989	Rhodobacteraceae
ERR3450203.kaiju.out	0.006171	1231	649777	Synergistaceae
ERR3450203.kaiju.out	0.005665	1130	135621	Pseudomonadaceae
ERR3450203.kaiju.out	0.005188	1035	89373	Cytophagaceae
ERR3450203.kaiju.out	0.004401	878	2762318	Weeksellaceae
ERR3450203.kaiju.out	0.004391	876	2005473	Muribaculaceae
ERR3450203.kaiju.out	0.004186	835	119045	Methylobacteriaceae
ERR3450203.kaiju.out	0.003975	793	641	Vibrionaceae
ERR3450203.kaiju.out	0.003735	745	82115	Rhizobiaceae
ERR3450203.kaiju.out	0.003484	695	292628	Anaerolineaceae
ERR3450203.kaiju.out	0.003464	691	186814	Thermoanaerobacteraceae
ERR3450203.kaiju.out	0.003434	685	481	Neisseriaceae
ERR3450203.kaiju.out	0.003404	679	90964	Staphylococcaceae
ERR3450203.kaiju.out	0.003303	659	1737406	Tissierellaceae
ERR3450203.kaiju.out	0.003228	644	186827	Aerococcaceae
ERR3450203.kaiju.out	0.003213	641	1653	Corynebacteriaceae
ERR3450203.kaiju.out	0.003058	610	170	Leptospiraceae
ERR3450203.kaiju.out	0.002872	573	543313	Clostridiales Family XII. Incertae Sedis
ERR3450203.kaiju.out	0.002812	561	1471398	Prolixibacteraceae
ERR3450203.kaiju.out	0.002782	555	143786	Brachyspiraceae
ERR3450203.kaiju.out	0.002762	551	213119	Desulfobacteraceae
ERR3450203.kaiju.out	0.002702	539	68298	Syntrophomonadaceae
ERR3450203.kaiju.out	0.002667	532	2062	Streptomycetaceae
ERR3450203.kaiju.out	0.002521	503	186818	Planococcaceae
ERR3450203.kaiju.out	0.002516	502	85023	Microbacteriaceae
ERR3450203.kaiju.out	0.002441	487	424536	Catabacteriaceae
ERR3450203.kaiju.out	0.002401	479	563798	Cyclobacteriaceae
ERR3450203.kaiju.out	0.002376	474	80864	Comamonadaceae
ERR3450203.kaiju.out	0.002301	459	134623	Opitutaceae
ERR3450203.kaiju.out	0.002251	449	543371	Thermoanaerobacterales Family III. Incertae Sedis
ERR3450203.kaiju.out	0.002251	449	2093822	Candidatus Nanosynbacteraceae
ERR3450203.kaiju.out	0.002226	444	186823	Alicyclobacillaceae
ERR3450203.kaiju.out	0.002196	438	558415	Marinilabiliaceae
ERR3450203.kaiju.out	0.002156	430	31957	Propionibacteriaceae
ERR3450203.kaiju.out	0.002120	423	72294	Campylobacteraceae
ERR3450203.kaiju.out	0.002090	417	2810281	Turicibacteraceae
ERR3450203.kaiju.out	0.002065	412	81850	Leuconostocaceae
ERR3450203.kaiju.out	0.001980	395	45401	Hyphomicrobiaceae
ERR3450203.kaiju.out	0.001895	378	2146	Acholeplasmataceae
ERR3450203.kaiju.out	0.001840	367	2005523	Paludibacteraceae
ERR3450203.kaiju.out	0.001835	366	1853230	Crocinitomicaceae
ERR3450203.kaiju.out	0.001790	357	191412	Chlorobiaceae
ERR3450203.kaiju.out	0.001744	348	2194	Methanomicrobiaceae
ERR3450203.kaiju.out	0.001739	347	186821	Sporolactobacillaceae
ERR3450203.kaiju.out	0.001669	333	2770092	Tepidanaerobacteraceae
ERR3450203.kaiju.out	0.001649	329	206379	Nitrosomonadaceae
ERR3450203.kaiju.out	0.001649	329	213117	Desulfohalobiaceae
ERR3450203.kaiju.out	0.001534	306	972	Halanaerobiaceae
ERR3450203.kaiju.out	0.001494	298	444	Legionellaceae
ERR3450203.kaiju.out	0.001454	290	85016	Cellulomonadaceae
ERR3450203.kaiju.out	0.001444	288	41297	Sphingomonadaceae
ERR3450203.kaiju.out	0.001439	287	267888	Pseudoalteromonadaceae
ERR3450203.kaiju.out	0.001434	286	72293	Helicobacteraceae
ERR3450203.kaiju.out	0.001429	285	213422	Geobacteraceae
ERR3450203.kaiju.out	0.001419	283	1853232	Hymenobacteraceae
ERR3450203.kaiju.out	0.001404	280	2092	Mycoplasmataceae
ERR3450203.kaiju.out	0.001363	272	1903409	Erwiniaceae
ERR3450203.kaiju.out	0.001343	268	72275	Alteromonadaceae
ERR3450203.kaiju.out	0.001323	264	134621	Verrucomicrobia subdivision 3
ERR3450203.kaiju.out	0.001303	260	186824	Thermoactinomycetaceae
ERR3450203.kaiju.out	0.001268	253	267891	Moritellaceae
ERR3450203.kaiju.out	0.001213	242	200667	Flammeovirgaceae
ERR3450203.kaiju.out	0.001173	234	28256	Halomonadaceae
ERR3450203.kaiju.out	0.001138	227	41294	Bradyrhizobiaceae
ERR3450203.kaiju.out	0.001123	224	568386	Sinobacteraceae
ERR3450203.kaiju.out	0.001088	217	543347	Clostridiales Family XVI. Incertae Sedis
ERR3450203.kaiju.out	0.001073	214	2070	Pseudonocardiaceae
ERR3450203.kaiju.out	0.001068	213	403	Methylococcaceae
ERR3450203.kaiju.out	0.001063	212	1185407	Defluviitaleaceae
ERR3450203.kaiju.out	0.001053	210	2772226	Sulfuricellaceae
ERR3450203.kaiju.out	0.001038	207	2008790	Thiobacillaceae
ERR3450203.kaiju.out	0.001028	205	2206	Methanosarcinaceae
ERR3450203.kaiju.out	0.001013	202	135620	Oceanospirillaceae
ERR3450203.kaiju.out	0.001008	201	1499392	Chromobacteriaceae
ERR3450203.kaiju.out	0.000998	199	2042895	Gottschalkiaceae
ERR3450203.kaiju.out	0.000983	196	1903411	Yersiniaceae
ERR3450203.kaiju.out	0.000978	195	1903414	Morganellaceae
ERR3450203.kaiju.out	0.000957	191	1240483	Orbaceae
ERR3450203.kaiju.out	0.000932	186	543372	Thermoanaerobacterales Family IV. Incertae Sedis
ERR3450203.kaiju.out	0.000922	184	2004	Streptosporangiaceae
ERR3450203.kaiju.out	0.000917	183	2483367	Sedimentisphaeraceae
ERR3450203.kaiju.out	0.000877	175	2008794	Zoogloeaceae
ERR3450203.kaiju.out	0.000837	167	2770093	Thermosediminibacteraceae
ERR3450203.kaiju.out	0.000817	163	541019	Gracilibacteraceae
ERR3450203.kaiju.out	0.000762	152	1648490	Rubritaleaceae
ERR3450203.kaiju.out	0.000707	141	53434	Halobacteroidaceae
ERR3450203.kaiju.out	0.000707	141	69277	Phyllobacteriaceae
ERR3450203.kaiju.out	0.000702	140	32033	Xanthomonadaceae
ERR3450203.kaiju.out	0.000687	137	1213	Prochloraceae
ERR3450203.kaiju.out	0.000682	136	85021	Intrasporangiaceae
ERR3450203.kaiju.out	0.000632	126	189779	Nitrospiraceae
ERR3450203.kaiju.out	0.000632	126	255475	Aurantimonadaceae
ERR3450203.kaiju.out	0.000627	125	28056	Micromonosporaceae
ERR3450203.kaiju.out	0.000627	125	2152899	Candidatus Fermentibacteraceae
ERR3450203.kaiju.out	0.000622	124	213121	Desulfobulbaceae
ERR3450203.kaiju.out	0.000617	123	506	Alcaligenaceae
ERR3450203.kaiju.out	0.000617	123	85019	Brevibacteriaceae
ERR3450203.kaiju.out	0.000607	121	1762	Mycobacteriaceae
ERR3450203.kaiju.out	0.000607	121	539003	Bacillales Family X. Incertae Sedis
ERR3450203.kaiju.out	0.000581	116	76892	Caulobacteraceae
ERR3450203.kaiju.out	0.000566	113	85025	Nocardiaceae
ERR3450203.kaiju.out	0.000561	112	1202464	Dehalococcoidaceae
ERR3450203.kaiju.out	0.000536	107	1921783	Kiritimatiellaceae
ERR3450203.kaiju.out	0.000511	102	1046	Chromatiaceae
ERR3450203.kaiju.out	0.000511	102	183710	Deinococcaceae
ERR3450203.kaiju.out	0.000511	102	213421	Desulfuromonadaceae
ERR3450203.kaiju.out	0.000506	101	1643949	Petrotogaceae
ERR3450203.kaiju.out	0.000481	96	204434	Acidobacteriaceae
ERR3450203.kaiju.out	0.000476	95	539000	Clostridiales Family XVII. Incertae Sedis
ERR3450203.kaiju.out	0.000471	94	1706375	Spongiibacteraceae
ERR3450203.kaiju.out	0.000471	94	1903410	Pectobacteriaceae
ERR3450203.kaiju.out	0.000466	93	85015	Nocardioidaceae
ERR3450203.kaiju.out	0.000466	93	135616	Piscirickettsiaceae
ERR3450203.kaiju.out	0.000466	93	2771471	Thiovulaceae
ERR3450203.kaiju.out	0.000441	88	1853234	Persicobacteraceae
ERR3450203.kaiju.out	0.000431	86	85030	Geodermatophilaceae
ERR3450203.kaiju.out	0.000416	83	31	Myxococcaceae
ERR3450203.kaiju.out	0.000411	82	213468	Syntrophaceae
ERR3450203.kaiju.out	0.000411	82	1890438	Leptolyngbyaceae
ERR3450203.kaiju.out	0.000396	79	203488	Dictyoglomaceae
ERR3450203.kaiju.out	0.000396	79	715221	Caldicoprobacteraceae
ERR3450203.kaiju.out	0.000391	78	135617	Thiotrichaceae
ERR3450203.kaiju.out	0.000391	78	1775411	Rhodanobacteraceae
ERR3450203.kaiju.out	0.000386	77	72276	Ectothiorhodospiraceae
ERR3450203.kaiju.out	0.000381	76	2814874	Neomegalonemataceae
ERR3450203.kaiju.out	0.000376	75	2303730	Prochlorotrichaceae
ERR3450203.kaiju.out	0.000371	74	188711	Thermodesulfobacteriaceae
ERR3450203.kaiju.out	0.000371	74	1937960	Lewinellaceae
ERR3450203.kaiju.out	0.000361	72	267893	Idiomarinaceae
ERR3450203.kaiju.out	0.000361	72	1643950	Fervidobacteriaceae
ERR3450203.kaiju.out	0.000356	71	267890	Shewanellaceae
ERR3450203.kaiju.out	0.000346	69	2131	Spiroplasmataceae
ERR3450203.kaiju.out	0.000341	68	1042322	Demequinaceae
ERR3450203.kaiju.out	0.000336	67	188709	Thermotogaceae
ERR3450203.kaiju.out	0.000331	66	267889	Colwelliaceae
ERR3450203.kaiju.out	0.000326	65	1840213	Lentimicrobiaceae
ERR3450203.kaiju.out	0.000321	64	1334117	Melioribacteraceae
ERR3450203.kaiju.out	0.000316	63	191394	Deferribacteraceae
ERR3450203.kaiju.out	0.000316	63	2691357	Pirellulaceae
ERR3450203.kaiju.out	0.000316	63	2800062	Robiginitomaculaceae
ERR3450203.kaiju.out	0.000311	62	1573805	Marinifilaceae
ERR3450203.kaiju.out	0.000301	60	126	Planctomycetaceae
ERR3450203.kaiju.out	0.000296	59	188786	Thermaceae
ERR3450203.kaiju.out	0.000291	58	1162	Nostocaceae
ERR3450203.kaiju.out	0.000291	58	2771472	Sulfurovaceae
ERR3450203.kaiju.out	0.000286	57	84642	Aeromonadaceae
ERR3450203.kaiju.out	0.000286	57	1706371	Cellvibrionaceae
ERR3450203.kaiju.out	0.000276	55	2259	Thermococcaceae
ERR3450203.kaiju.out	0.000276	55	1890426	Synechococcaceae
ERR3450203.kaiju.out	0.000271	54	32011	Methylophilaceae
ERR3450203.kaiju.out	0.000261	52	92713	Parachlamydiaceae
ERR3450203.kaiju.out	0.000256	51	224372	Alcanivoracaceae
ERR3450203.kaiju.out	0.000251	50	213116	Desulfomicrobiaceae
ERR3450203.kaiju.out	0.000251	50	224379	Hahellaceae
ERR3450203.kaiju.out	0.000246	49	224027	Hydrogenothermaceae
ERR3450203.kaiju.out	0.000246	49	1577788	Methanomassiliicoccaceae
ERR3450203.kaiju.out	0.000241	48	1890500	Hyellaceae
ERR3450203.kaiju.out	0.000231	46	39	Archangiaceae
ERR3450203.kaiju.out	0.000221	44	2762286	Fulvivirgaceae
ERR3450203.kaiju.out	0.000216	43	2183	Methanococcaceae
ERR3450203.kaiju.out	0.000216	43	39782	Blattabacteriaceae
ERR3450203.kaiju.out	0.000216	43	85026	Gordoniaceae
ERR3450203.kaiju.out	0.000216	43	622451	Actinopolysporaceae
ERR3450203.kaiju.out	0.000216	43	2008793	Sterolibacteriaceae
ERR3450203.kaiju.out	0.000211	42	772	Bartonellaceae
ERR3450203.kaiju.out	0.000211	42	1491775	Proteinivoraceae
ERR3450203.kaiju.out	0.000206	41	33925	Entomoplasmataceae
ERR3450203.kaiju.out	0.000206	41	1522127	Catalimonadaceae
ERR3450203.kaiju.out	0.000206	41	1763524	Isosphaeraceae
ERR3450203.kaiju.out	0.000206	41	1892252	Microcoleaceae
ERR3450203.kaiju.out	0.000201	40	1392996	Candidatus Methanoperedenaceae
ERR3450203.kaiju.out	0.000196	39	88404	Methanocorpusculaceae
ERR3450203.kaiju.out	0.000196	39	335929	Erythrobacteraceae
ERR3450203.kaiju.out	0.000190	38	255474	Parvularculaceae
ERR3450203.kaiju.out	0.000190	38	1643948	Kosmotogaceae
ERR3450203.kaiju.out	0.000190	38	1903412	Hafniaceae
ERR3450203.kaiju.out	0.000185	37	1644056	Haloferacaceae
ERR3450203.kaiju.out	0.000175	35	1903416	Budviciaceae
ERR3450203.kaiju.out	0.000170	34	69657	Hyphomonadaceae
ERR3450203.kaiju.out	0.000170	34	388449	Ktedonobacteraceae
ERR3450203.kaiju.out	0.000170	34	1127830	Candidatus Brocadiaceae
ERR3450203.kaiju.out	0.000170	34	1191479	Magnetococcaceae
ERR3450203.kaiju.out	0.000170	34	1892254	Oscillatoriaceae
ERR3450203.kaiju.out	0.000170	34	2066474	Endozoicomonadaceae
ERR3450203.kaiju.out	0.000165	33	31993	Methylocystaceae
ERR3450203.kaiju.out	0.000160	32	558314	Desulfurobacteriaceae
ERR3450203.kaiju.out	0.000155	31	1663426	Fimbriimonadaceae
ERR3450203.kaiju.out	0.000155	31	1813606	Balneolaceae
ERR3450203.kaiju.out	0.000155	31	1970190	Salinivirgaceae
ERR3450203.kaiju.out	0.000150	30	75787	Rhodocyclaceae
ERR3450203.kaiju.out	0.000150	30	83676	Nocardiopsaceae
ERR3450203.kaiju.out	0.000150	30	453228	Desulfarculaceae
ERR3450203.kaiju.out	0.000150	30	471823	Haloplasmataceae
ERR3450203.kaiju.out	0.000150	30	475964	Caldilineaceae
ERR3450203.kaiju.out	0.000145	29	74712	Frankiaceae
ERR3450203.kaiju.out	0.000145	29	213465	Syntrophobacteraceae
ERR3450203.kaiju.out	0.000145	29	1890431	Chamaesiphonaceae
ERR3450203.kaiju.out	0.000145	29	1937962	Microscillaceae
ERR3450203.kaiju.out	0.000140	28	85020	Dermabacteraceae
ERR3450203.kaiju.out	0.000140	28	415002	Puniceicoccaceae
ERR3450203.kaiju.out	0.000140	28	543349	Symbiobacteriaceae
ERR3450203.kaiju.out	0.000140	28	768668	Thermogemmatisporaceae
ERR3450203.kaiju.out	0.000140	28	1892251	Coleofasciculaceae
ERR3450203.kaiju.out	0.000135	27	1890436	Pseudanabaenaceae
ERR3450203.kaiju.out	0.000135	27	1892263	Hapalosiphonaceae
ERR3450203.kaiju.out	0.000130	26	2048906	Pyrinomonadaceae
ERR3450203.kaiju.out	0.000130	26	2517203	Candidatus Methanomethylophilaceae
ERR3450203.kaiju.out	0.000130	26	2812024	Syntrophotaleaceae
ERR3450203.kaiju.out	0.000125	25	64898	Aquificaceae
ERR3450203.kaiju.out	0.000125	25	85018	Dermatophilaceae
ERR3450203.kaiju.out	0.000125	25	2762302	Reichenbachiellaceae
ERR3450203.kaiju.out	0.000120	24	1676650	Limnochordaceae
ERR3450203.kaiju.out	0.000120	24	2805400	Actinopolymorphaceae
ERR3450203.kaiju.out	0.000115	23	49	Polyangiaceae
ERR3450203.kaiju.out	0.000115	23	563843	Rhodothermaceae
ERR3450203.kaiju.out	0.000115	23	1962854	Calditrichaceae
ERR3450203.kaiju.out	0.000115	23	2008795	Azonexaceae
ERR3450203.kaiju.out	0.000115	23	2762306	Roseivirgaceae
ERR3450203.kaiju.out	0.000110	22	119859	Tolypothrichaceae
ERR3450203.kaiju.out	0.000110	22	143067	Methanotrichaceae
ERR3450203.kaiju.out	0.000110	22	666507	Phycisphaeraceae
ERR3450203.kaiju.out	0.000110	22	1508635	Roseiflexaceae
ERR3450203.kaiju.out	0.000110	22	1890450	Aphanothecaceae
ERR3450203.kaiju.out	0.000110	22	2690158	Anaerohalosphaeraceae
ERR3450203.kaiju.out	0.000105	21	145357	Dermacoccaceae
ERR3450203.kaiju.out	0.000105	21	335928	Xanthobacteraceae
ERR3450203.kaiju.out	0.000105	21	1890464	Chroococcaceae
ERR3450203.kaiju.out	0.000105	21	1937961	Haliscomenobacteraceae
ERR3450203.kaiju.out	0.000100	20	1655514	Pelagibacteraceae
ERR3450203.kaiju.out	0.000100	20	1963271	Halorubraceae
ERR3450203.kaiju.out	0.000095	19	189770	Chrysiogenaceae
ERR3450203.kaiju.out	0.000095	19	219687	Gemmatimonadaceae
ERR3450203.kaiju.out	0.000095	19	224380	Desulfonatronaceae
ERR3450203.kaiju.out	0.000095	19	332161	Solibacteraceae
ERR3450203.kaiju.out	0.000095	19	407032	Nitrospinaceae
ERR3450203.kaiju.out	0.000095	19	1771359	Thorselliaceae
ERR3450203.kaiju.out	0.000095	19	1963268	Haloarculaceae
ERR3450203.kaiju.out	0.000090	18	117942	Desulfurellaceae
ERR3450203.kaiju.out	0.000090	18	118882	Brucellaceae
ERR3450203.kaiju.out	0.000090	18	267892	Ferrimonadaceae
ERR3450203.kaiju.out	0.000090	18	1524215	Anaeromyxobacteraceae
ERR3450203.kaiju.out	0.000090	18	1853233	Thermonemataceae
ERR3450203.kaiju.out	0.000085	17	597359	Kiloniellaceae
ERR3450203.kaiju.out	0.000085	17	1217100	Jiangellaceae
ERR3450203.kaiju.out	0.000085	17	1333713	Schleiferiaceae
ERR3450203.kaiju.out	0.000085	17	2762284	Flexibacteraceae
ERR3450203.kaiju.out	0.000080	16	89374	Saprospiraceae
ERR3450203.kaiju.out	0.000080	16	145360	Sanguibacteraceae
ERR3450203.kaiju.out	0.000080	16	566277	Lentisphaeraceae
ERR3450203.kaiju.out	0.000080	16	1644061	Natrialbaceae
ERR3450203.kaiju.out	0.000075	15	85002	Sphaerobacteraceae
ERR3450203.kaiju.out	0.000075	15	213483	Bdellovibrionaceae
ERR3450203.kaiju.out	0.000075	15	1400857	Candidatus Competibacteraceae
ERR3450203.kaiju.out	0.000075	15	1501348	Amoebophilaceae
ERR3450203.kaiju.out	0.000075	15	1706372	Halieaceae
ERR3450203.kaiju.out	0.000075	15	1706373	Microbulbiferaceae
ERR3450203.kaiju.out	0.000075	15	2100208	Caedimonadaceae
ERR3450203.kaiju.out	0.000075	15	2800061	Maricaulaceae
ERR3450203.kaiju.out	0.000070	14	655351	Cohaesibacteraceae
ERR3450203.kaiju.out	0.000070	14	1460864	Methanocalculaceae
ERR3450203.kaiju.out	0.000070	14	1890422	Gloeobacteraceae
ERR3450203.kaiju.out	0.000070	14	2762301	Marivirgaceae
ERR3450203.kaiju.out	0.000065	13	809	Chlamydiaceae
ERR3450203.kaiju.out	0.000065	13	2232	Archaeoglobaceae
ERR3450203.kaiju.out	0.000065	13	85034	Glycomycetaceae
ERR3450203.kaiju.out	0.000065	13	255527	Saccharospirillaceae
ERR3450203.kaiju.out	0.000065	13	1706374	Porticoccaceae
ERR3450203.kaiju.out	0.000065	13	1836792	Chthoniobacteraceae
ERR3450203.kaiju.out	0.000065	13	2038695	Williamwhitmaniaceae
ERR3450203.kaiju.out	0.000065	13	2066434	Geminicoccaceae
ERR3450203.kaiju.out	0.000065	13	2661849	Calotrichaceae
ERR3450203.kaiju.out	0.000065	13	2762317	Thermoflexibacteraceae
ERR3450203.kaiju.out	0.000060	12	84997	Rubrobacteraceae
ERR3450203.kaiju.out	0.000060	12	118968	Coxiellaceae
ERR3450203.kaiju.out	0.000060	12	574976	Holophagaceae
ERR3450203.kaiju.out	0.000060	12	641876	Elusimicrobiaceae
ERR3450203.kaiju.out	0.000060	12	1890498	Dermocarpellaceae
ERR3450203.kaiju.out	0.000060	12	2726069	Kribbellaceae
ERR3450203.kaiju.out	0.000060	12	2811504	Thermodesulfovibrionaceae
ERR3450203.kaiju.out	0.000060	12	2813035	Parvibaculaceae
ERR3450203.kaiju.out	0.000055	11	2012	Thermomonosporaceae
ERR3450203.kaiju.out	0.000055	11	2267	Thermoproteaceae
ERR3450203.kaiju.out	0.000055	11	224467	Nautiliaceae
ERR3450203.kaiju.out	0.000055	11	1331736	Ruaniaceae
ERR3450203.kaiju.out	0.000055	11	1860138	Chitinispirillaceae
ERR3450203.kaiju.out	0.000055	11	1914233	Gemmataceae
ERR3450203.kaiju.out	0.000055	11	2138247	Coprothermobacteraceae
ERR3450203.kaiju.out	0.000050	10	942	Anaplasmataceae
ERR3450203.kaiju.out	0.000050	10	84994	Acidimicrobiaceae
ERR3450203.kaiju.out	0.000050	10	189773	Herpetosiphonaceae
ERR3450203.kaiju.out	0.000050	10	189777	Thermomicrobiaceae
ERR3450203.kaiju.out	0.000050	10	263369	Bacteriovoracaceae
ERR3450203.kaiju.out	0.000050	10	485255	Natranaerobiaceae
ERR3450203.kaiju.out	0.000050	10	693073	Caldisericaceae
ERR3450203.kaiju.out	0.000050	10	2762316	Terrimicrobiaceae
ERR3450203.kaiju.out	0.000045	9	1106	Chloroflexaceae
ERR3450203.kaiju.out	0.000045	9	1182	Scytonemataceae
ERR3450203.kaiju.out	0.000045	9	2236	Halobacteriaceae
ERR3450203.kaiju.out	0.000045	9	34064	Francisellaceae
ERR3450203.kaiju.out	0.000045	9	45404	Beijerinckiaceae
ERR3450203.kaiju.out	0.000045	9	90627	Gallionellaceae
ERR3450203.kaiju.out	0.000045	9	224463	Nannocystaceae
ERR3450203.kaiju.out	0.000045	9	225058	Acidithiobacillaceae
ERR3450203.kaiju.out	0.000045	9	246874	Cryomorphaceae
ERR3450203.kaiju.out	0.000045	9	267894	Psychromonadaceae
ERR3450203.kaiju.out	0.000045	9	1266054	Algiphilaceae
ERR3450203.kaiju.out	0.000045	9	1783343	Endomicrobiaceae
ERR3450203.kaiju.out	0.000045	9	2211325	Vicinamibacteraceae
ERR3450203.kaiju.out	0.000045	9	2762276	Cesiribacteraceae
ERR3450203.kaiju.out	0.000045	9	2815910	Geminocystaceae
ERR3450203.kaiju.out	0.000040	8	868	Cardiobacteriaceae
ERR3450203.kaiju.out	0.000040	8	85031	Nakamurellaceae
ERR3450203.kaiju.out	0.000040	8	118883	Sulfolobaceae
ERR3450203.kaiju.out	0.000040	8	227387	Thermodesulfobiaceae
ERR3450203.kaiju.out	0.000040	8	570265	Methanocellaceae
ERR3450203.kaiju.out	0.000040	8	1198451	Methanoregulaceae
ERR3450203.kaiju.out	0.000040	8	2805416	Jatrophihabitantaceae
ERR3450203.kaiju.out	0.000035	7	85022	Jonesiaceae
ERR3450203.kaiju.out	0.000035	7	513556	Syntrophorhabdaceae
ERR3450203.kaiju.out	0.000035	7	1033997	Nitrososphaeraceae
ERR3450203.kaiju.out	0.000035	7	1382930	Ardenticatenaceae
ERR3450203.kaiju.out	0.000035	7	1442156	Ferrovaceae
ERR3450203.kaiju.out	0.000035	7	1505234	Chitinivibrionaceae
ERR3450203.kaiju.out	0.000035	7	1553902	Oligoflexaceae
ERR3450203.kaiju.out	0.000035	7	1798913	Microthrixaceae
ERR3450203.kaiju.out	0.000035	7	1934946	Immundisolibacteraceae
ERR3450203.kaiju.out	0.000030	6	85028	Tsukamurellaceae
ERR3450203.kaiju.out	0.000030	6	85032	Acidothermaceae
ERR3450203.kaiju.out	0.000030	6	196117	Methanocaldococcaceae
ERR3450203.kaiju.out	0.000030	6	206349	Hydrogenophilaceae
ERR3450203.kaiju.out	0.000030	6	224464	Kofleriaceae
ERR3450203.kaiju.out	0.000030	6	596498	Nitriliruptoraceae
ERR3450203.kaiju.out	0.000030	6	795749	Ignavibacteriaceae
ERR3450203.kaiju.out	0.000030	6	1055686	Sandaracinaceae
ERR3450203.kaiju.out	0.000030	6	1077264	Chthonomonadaceae
ERR3450203.kaiju.out	0.000030	6	1100104	Brevinemataceae
ERR3450203.kaiju.out	0.000030	6	1769745	Pseudobacteriovoracaceae
ERR3450203.kaiju.out	0.000030	6	1890428	Merismopediaceae
ERR3450203.kaiju.out	0.000030	6	1890497	Hydrococcaceae
ERR3450203.kaiju.out	0.000030	6	1892259	Aphanizomenonaceae
ERR3450203.kaiju.out	0.000030	6	1902584	Candidatus Desulfofervidaceae
ERR3450203.kaiju.out	0.000030	6	1937968	Bernardetiaceae
ERR3450203.kaiju.out	0.000030	6	1955043	Gloeomargaritaceae
ERR3450203.kaiju.out	0.000030	6	2036754	Chelatococcaceae
ERR3450203.kaiju.out	0.000030	6	2813951	Terasakiellaceae
ERR3450203.kaiju.out	0.000025	5	320599	Solirubrobacteraceae
ERR3450203.kaiju.out	0.000025	5	361606	Patulibacteraceae
ERR3450203.kaiju.out	0.000025	5	414877	Catenulisporaceae
ERR3450203.kaiju.out	0.000025	5	510685	Sneathiellaceae
ERR3450203.kaiju.out	0.000025	5	717964	Methylacidiphilaceae
ERR3450203.kaiju.out	0.000025	5	1331809	Kordiimonadaceae
ERR3450203.kaiju.out	0.000025	5	1892249	Cyanothecaceae
ERR3450203.kaiju.out	0.000025	5	2212440	Thiofilaceae
ERR3450203.kaiju.out	0.000020	4	2272	Desulfurococcaceae
ERR3450203.kaiju.out	0.000020	4	104174	Oscillochloridaceae
ERR3450203.kaiju.out	0.000020	4	119043	Rhodobiaceae
ERR3450203.kaiju.out	0.000020	4	196137	Methanospirillaceae
ERR3450203.kaiju.out	0.000020	4	255526	Halothiobacillaceae
ERR3450203.kaiju.out	0.000020	4	320583	Conexibacteraceae
ERR3450203.kaiju.out	0.000020	4	320796	Thermoleophilaceae
ERR3450203.kaiju.out	0.000020	4	1524216	Labilitrichaceae
ERR3450203.kaiju.out	0.000020	4	1643685	Borreliaceae
ERR3450203.kaiju.out	0.000020	4	1692041	Acidiferrobacteraceae
ERR3450203.kaiju.out	0.000020	4	1777752	Candidatus Paracaedibacteraceae
ERR3450203.kaiju.out	0.000020	4	1962910	Bryobacteraceae
ERR3450203.kaiju.out	0.000020	4	1963270	Halococcaceae
ERR3450203.kaiju.out	0.000020	4	2212439	Thiolinaceae
ERR3450203.kaiju.out	0.000020	4	2448023	Ilumatobacteraceae
ERR3450203.kaiju.out	0.000020	4	2689614	Steroidobacteraceae
ERR3450203.kaiju.out	0.000020	4	2805590	Ornithinimicrobiaceae
ERR3450203.kaiju.out	0.000015	3	775	Rickettsiaceae
ERR3450203.kaiju.out	0.000015	3	1185	Rivulariaceae
ERR3450203.kaiju.out	0.000015	3	85029	Dietziaceae
ERR3450203.kaiju.out	0.000015	3	89377	Crenotrichaceae
ERR3450203.kaiju.out	0.000015	3	332247	Trueperaceae
ERR3450203.kaiju.out	0.000015	3	412447	Criblamydiaceae
ERR3450203.kaiju.out	0.000015	3	580372	Mariprofundaceae
ERR3450203.kaiju.out	0.000015	3	1486721	Methylothermaceae
ERR3450203.kaiju.out	0.000015	3	1524213	Vulgatibacteraceae
ERR3450203.kaiju.out	0.000015	3	1652132	Halobacteriovoraceae
ERR3450203.kaiju.out	0.000015	3	1890429	Acaryochloridaceae
ERR3450203.kaiju.out	0.000015	3	1890449	Microcystaceae
ERR3450203.kaiju.out	0.000015	3	1920240	Kangiellaceae
ERR3450203.kaiju.out	0.000015	3	1969992	Desertifilaceae
ERR3450203.kaiju.out	0.000015	3	2137278	Salinarimonadaceae
ERR3450203.kaiju.out	0.000015	3	2301193	Balneatrichaceae
ERR3450203.kaiju.out	0.000015	3	2795691	Nitratiruptoraceae
ERR3450203.kaiju.out	0.000010	2	1189	Stigonemataceae
ERR3450203.kaiju.out	0.000010	2	2307	Pyrodictiaceae
ERR3450203.kaiju.out	0.000010	2	46630	Picrophilaceae
ERR3450203.kaiju.out	0.000010	2	83778	Kineosporiaceae
ERR3450203.kaiju.out	0.000010	2	90142	Ferroplasmaceae
ERR3450203.kaiju.out	0.000010	2	225059	Thermithiobacillaceae
ERR3450203.kaiju.out	0.000010	2	292630	Hydrogenimonaceae
ERR3450203.kaiju.out	0.000010	2	316606	Segniliparaceae
ERR3450203.kaiju.out	0.000010	2	622454	Cryptosporangiaceae
ERR3450203.kaiju.out	0.000010	2	742031	Salinisphaeraceae
ERR3450203.kaiju.out	0.000010	2	1738654	Woeseiaceae
ERR3450203.kaiju.out	0.000010	2	1890448	Spirulinaceae
ERR3450203.kaiju.out	0.000010	2	1890499	Xenococcaceae
ERR3450203.kaiju.out	0.000010	2	1890528	Chroococcidiopsidaceae
ERR3450203.kaiju.out	0.000010	2	2056687	Fastidiosibacteraceae
ERR3450203.kaiju.out	0.000010	2	2562242	Thermoanaerobaculaceae
ERR3450203.kaiju.out	0.000010	2	2805426	Kytococcaceae
ERR3450203.kaiju.out	0.000010	2	2805586	Lawsonellaceae
ERR3450203.kaiju.out	0.000010	2	2812006	Bruguierivoracaceae
ERR3450203.kaiju.out	0.000005	1	44746	Holosporaceae
ERR3450203.kaiju.out	0.000005	1	46659	Thermoplasmataceae
ERR3450203.kaiju.out	0.000005	1	92714	Waddliaceae
ERR3450203.kaiju.out	0.000005	1	114378	Thermofilaceae
ERR3450203.kaiju.out	0.000005	1	125316	Beutenbergiaceae
ERR3450203.kaiju.out	0.000005	1	660062	Methermicoccaceae
ERR3450203.kaiju.out	0.000005	1	685949	Fervidicoccaceae
ERR3450203.kaiju.out	0.000005	1	1328881	Candidatus Midichloriaceae
ERR3450203.kaiju.out	0.000005	1	1769717	Mesoaciditogaceae
ERR3450203.kaiju.out	0.000005	1	1868322	Candidatus Thermochlorobacteriaceae
ERR3450203.kaiju.out	0.000005	1	1892258	Symphyonemataceae
ERR3450203.kaiju.out	0.000005	1	1892261	Chlorogloeopsidaceae
ERR3450203.kaiju.out	0.000005	1	1915415	Candidatus Methanomethyliaceae
ERR3450203.kaiju.out	0.000005	1	2024974	Silvanigrellaceae
ERR3450203.kaiju.out	0.054911	10954	10239	Viruses
ERR3450203.kaiju.out	13.396671	2672463	NA	cannot be assigned to a (non-viral) family
ERR3450203.kaiju.out	19.571754	3904312	NA	unclassified
file	percent	reads	taxon_id	taxon_name
ERR3450229.kaiju.out	26.035944	7549281	541000	Ruminococcaceae
ERR3450229.kaiju.out	16.463753	4773766	186803	Lachnospiraceae
ERR3450229.kaiju.out	7.749282	2246952	31979	Clostridiaceae
ERR3450229.kaiju.out	6.271491	1818457	186806	Eubacteriaceae
ERR3450229.kaiju.out	1.692863	490856	815	Bacteroidaceae
ERR3450229.kaiju.out	1.028359	298179	171550	Rikenellaceae
ERR3450229.kaiju.out	0.895456	259643	2159	Methanobacteriaceae
ERR3450229.kaiju.out	0.790740	229280	31953	Bifidobacteriaceae
ERR3450229.kaiju.out	0.759963	220356	84107	Coriobacteriaceae
ERR3450229.kaiju.out	0.643056	186458	1643826	Eggerthellaceae
ERR3450229.kaiju.out	0.554725	160846	171552	Prevotellaceae
ERR3450229.kaiju.out	0.347804	100848	186804	Peptostreptococcaceae
ERR3450229.kaiju.out	0.329946	95670	2005525	Tannerellaceae
ERR3450229.kaiju.out	0.317579	92084	1853231	Odoribacteraceae
ERR3450229.kaiju.out	0.289627	83979	216572	Oscillospiraceae
ERR3450229.kaiju.out	0.273910	79422	1300	Streptococcaceae
ERR3450229.kaiju.out	0.255421	74061	2005519	Barnesiellaceae
ERR3450229.kaiju.out	0.183707	53267	128827	Erysipelotrichaceae
ERR3450229.kaiju.out	0.134827	39094	909930	Acidaminococcaceae
ERR3450229.kaiju.out	0.133231	38631	543	Enterobacteriaceae
ERR3450229.kaiju.out	0.082350	23878	1643824	Atopobiaceae
ERR3450229.kaiju.out	0.079160	22953	990719	Christensenellaceae
ERR3450229.kaiju.out	0.061982	17972	186817	Bacillaceae
ERR3450229.kaiju.out	0.057274	16607	186822	Paenibacillaceae
ERR3450229.kaiju.out	0.053315	15459	194924	Desulfovibrionaceae
ERR3450229.kaiju.out	0.051377	14897	31977	Veillonellaceae
ERR3450229.kaiju.out	0.041858	12137	2304686	Hungateiclostridiaceae
ERR3450229.kaiju.out	0.037030	10737	33958	Lactobacillaceae
ERR3450229.kaiju.out	0.036181	10491	1647988	Akkermansiaceae
ERR3450229.kaiju.out	0.032584	9448	186807	Peptococcaceae
ERR3450229.kaiju.out	0.031205	9048	1843491	Selenomonadaceae
ERR3450229.kaiju.out	0.030370	8806	543314	Clostridiales Family XIII. Incertae Sedis
ERR3450229.kaiju.out	0.026518	7689	1570339	Peptoniphilaceae
ERR3450229.kaiju.out	0.024462	7093	712	Pasteurellaceae
ERR3450229.kaiju.out	0.023762	6890	31984	Heliobacteriaceae
ERR3450229.kaiju.out	0.023521	6820	137	Spirochaetaceae
ERR3450229.kaiju.out	0.021689	6289	2049	Actinomycetaceae
ERR3450229.kaiju.out	0.021069	6109	2810281	Turicibacteraceae
ERR3450229.kaiju.out	0.019451	5640	2810280	Coprobacillaceae
ERR3450229.kaiju.out	0.017792	5159	41295	Rhodospirillaceae
ERR3450229.kaiju.out	0.015795	4580	81852	Enterococcaceae
ERR3450229.kaiju.out	0.013623	3950	171551	Porphyromonadaceae
ERR3450229.kaiju.out	0.013354	3872	49546	Flavobacteriaceae
ERR3450229.kaiju.out	0.012074	3501	1268	Micrococcaceae
ERR3450229.kaiju.out	0.009981	2894	2092	Mycoplasmataceae
ERR3450229.kaiju.out	0.009567	2774	186828	Carnobacteriaceae
ERR3450229.kaiju.out	0.009412	2729	90964	Staphylococcaceae
ERR3450229.kaiju.out	0.008401	2436	1737406	Tissierellaceae
ERR3450229.kaiju.out	0.007867	2281	1843490	Sporomusaceae
ERR3450229.kaiju.out	0.007687	2229	203492	Fusobacteriaceae
ERR3450229.kaiju.out	0.007205	2089	2005520	Dysgonomonadaceae
ERR3450229.kaiju.out	0.006984	2025	204431	Fibrobacteraceae
ERR3450229.kaiju.out	0.006832	1981	186820	Listeriaceae
ERR3450229.kaiju.out	0.006770	1963	649777	Synergistaceae
ERR3450229.kaiju.out	0.006053	1755	119060	Burkholderiaceae
ERR3450229.kaiju.out	0.005963	1729	135621	Pseudomonadaceae
ERR3450229.kaiju.out	0.005939	1722	433	Acetobacteraceae
ERR3450229.kaiju.out	0.005780	1676	84566	Sphingobacteriaceae
ERR3450229.kaiju.out	0.005625	1631	1129771	Leptotrichiaceae
ERR3450229.kaiju.out	0.005422	1572	2146	Acholeplasmataceae
ERR3450229.kaiju.out	0.005063	1468	83763	Succinivibrionaceae
ERR3450229.kaiju.out	0.004932	1430	82115	Rhizobiaceae
ERR3450229.kaiju.out	0.004176	1211	292628	Anaerolineaceae
ERR3450229.kaiju.out	0.004032	1169	186814	Thermoanaerobacteraceae
ERR3450229.kaiju.out	0.004004	1161	213117	Desulfohalobiaceae
ERR3450229.kaiju.out	0.003828	1110	81850	Leuconostocaceae
ERR3450229.kaiju.out	0.003711	1076	186827	Aerococcaceae
ERR3450229.kaiju.out	0.003545	1028	2062	Streptomycetaceae
ERR3450229.kaiju.out	0.003528	1023	424536	Catabacteriaceae
ERR3450229.kaiju.out	0.003459	1003	563835	Chitinophagaceae
ERR3450229.kaiju.out	0.003414	990	1653	Corynebacteriaceae
ERR3450229.kaiju.out	0.003318	962	558415	Marinilabiliaceae
ERR3450229.kaiju.out	0.003228	936	119045	Methylobacteriaceae
ERR3450229.kaiju.out	0.003214	932	2762318	Weeksellaceae
ERR3450229.kaiju.out	0.003114	903	68298	Syntrophomonadaceae
ERR3450229.kaiju.out	0.002911	844	85023	Microbacteriaceae
ERR3450229.kaiju.out	0.002897	840	186818	Planococcaceae
ERR3450229.kaiju.out	0.002838	823	31989	Rhodobacteraceae
ERR3450229.kaiju.out	0.002704	784	2042895	Gottschalkiaceae
ERR3450229.kaiju.out	0.002531	734	186821	Sporolactobacillaceae
ERR3450229.kaiju.out	0.002514	729	170	Leptospiraceae
ERR3450229.kaiju.out	0.002442	708	543371	Thermoanaerobacterales Family III. Incertae Sedis
ERR3450229.kaiju.out	0.002400	696	31957	Propionibacteriaceae
ERR3450229.kaiju.out	0.002193	636	85030	Geodermatophilaceae
ERR3450229.kaiju.out	0.002100	609	89373	Cytophagaceae
ERR3450229.kaiju.out	0.002076	602	641	Vibrionaceae
ERR3450229.kaiju.out	0.002066	599	1903409	Erwiniaceae
ERR3450229.kaiju.out	0.002035	590	468	Moraxellaceae
ERR3450229.kaiju.out	0.002035	590	543372	Thermoanaerobacterales Family IV. Incertae Sedis
ERR3450229.kaiju.out	0.002031	589	543313	Clostridiales Family XII. Incertae Sedis
ERR3450229.kaiju.out	0.002014	584	1903414	Morganellaceae
ERR3450229.kaiju.out	0.001952	566	1903411	Yersiniaceae
ERR3450229.kaiju.out	0.001938	562	444	Legionellaceae
ERR3450229.kaiju.out	0.001921	557	41297	Sphingomonadaceae
ERR3450229.kaiju.out	0.001890	548	995019	Sutterellaceae
ERR3450229.kaiju.out	0.001880	545	80864	Comamonadaceae
ERR3450229.kaiju.out	0.001800	522	186823	Alicyclobacillaceae
ERR3450229.kaiju.out	0.001773	514	75682	Oxalobacteraceae
ERR3450229.kaiju.out	0.001735	503	186824	Thermoactinomycetaceae
ERR3450229.kaiju.out	0.001683	488	143786	Brachyspiraceae
ERR3450229.kaiju.out	0.001631	473	213119	Desulfobacteraceae
ERR3450229.kaiju.out	0.001569	455	72294	Campylobacteraceae
ERR3450229.kaiju.out	0.001455	422	543347	Clostridiales Family XVI. Incertae Sedis
ERR3450229.kaiju.out	0.001448	420	972	Halanaerobiaceae
ERR3450229.kaiju.out	0.001448	420	69277	Phyllobacteriaceae
ERR3450229.kaiju.out	0.001438	417	1471398	Prolixibacteraceae
ERR3450229.kaiju.out	0.001400	406	2005473	Muribaculaceae
ERR3450229.kaiju.out	0.001393	404	2770092	Tepidanaerobacteraceae
ERR3450229.kaiju.out	0.001390	403	72293	Helicobacteraceae
ERR3450229.kaiju.out	0.001380	400	45401	Hyphomicrobiaceae
ERR3450229.kaiju.out	0.001328	385	563798	Cyclobacteriaceae
ERR3450229.kaiju.out	0.001297	376	2070	Pseudonocardiaceae
ERR3450229.kaiju.out	0.001286	373	1762	Mycobacteriaceae
ERR3450229.kaiju.out	0.001252	363	85025	Nocardiaceae
ERR3450229.kaiju.out	0.001221	354	1853232	Hymenobacteraceae
ERR3450229.kaiju.out	0.001211	351	2093822	Candidatus Nanosynbacteraceae
ERR3450229.kaiju.out	0.001162	337	481	Neisseriaceae
ERR3450229.kaiju.out	0.001114	323	41294	Bradyrhizobiaceae
ERR3450229.kaiju.out	0.001107	321	2206	Methanosarcinaceae
ERR3450229.kaiju.out	0.001107	321	85016	Cellulomonadaceae
ERR3450229.kaiju.out	0.001104	320	213121	Desulfobulbaceae
ERR3450229.kaiju.out	0.001104	320	2005523	Paludibacteraceae
ERR3450229.kaiju.out	0.001045	303	85017	Promicromonosporaceae
ERR3450229.kaiju.out	0.000983	285	1185407	Defluviitaleaceae
ERR3450229.kaiju.out	0.000979	284	1903410	Pectobacteriaceae
ERR3450229.kaiju.out	0.000948	275	2194	Methanomicrobiaceae
ERR3450229.kaiju.out	0.000945	274	53434	Halobacteroidaceae
ERR3450229.kaiju.out	0.000945	274	85021	Intrasporangiaceae
ERR3450229.kaiju.out	0.000942	273	135620	Oceanospirillaceae
ERR3450229.kaiju.out	0.000921	267	206379	Nitrosomonadaceae
ERR3450229.kaiju.out	0.000917	266	188711	Thermodesulfobacteriaceae
ERR3450229.kaiju.out	0.000907	263	2770093	Thermosediminibacteraceae
ERR3450229.kaiju.out	0.000859	249	1643949	Petrotogaceae
ERR3450229.kaiju.out	0.000835	242	28056	Micromonosporaceae
ERR3450229.kaiju.out	0.000821	238	183710	Deinococcaceae
ERR3450229.kaiju.out	0.000817	237	72275	Alteromonadaceae
ERR3450229.kaiju.out	0.000797	231	213422	Geobacteraceae
ERR3450229.kaiju.out	0.000745	216	1706371	Cellvibrionaceae
ERR3450229.kaiju.out	0.000738	214	267891	Moritellaceae
ERR3450229.kaiju.out	0.000721	209	1577788	Methanomassiliicoccaceae
ERR3450229.kaiju.out	0.000714	207	1890426	Synechococcaceae
ERR3450229.kaiju.out	0.000710	206	28256	Halomonadaceae
ERR3450229.kaiju.out	0.000700	203	403	Methylococcaceae
ERR3450229.kaiju.out	0.000700	203	541019	Gracilibacteraceae
ERR3450229.kaiju.out	0.000683	198	32033	Xanthomonadaceae
ERR3450229.kaiju.out	0.000669	194	267888	Pseudoalteromonadaceae
ERR3450229.kaiju.out	0.000635	184	189779	Nitrospiraceae
ERR3450229.kaiju.out	0.000624	181	506	Alcaligenaceae
ERR3450229.kaiju.out	0.000624	181	188709	Thermotogaceae
ERR3450229.kaiju.out	0.000600	174	213468	Syntrophaceae
ERR3450229.kaiju.out	0.000600	174	715221	Caldicoprobacteraceae
ERR3450229.kaiju.out	0.000569	165	72276	Ectothiorhodospiraceae
ERR3450229.kaiju.out	0.000566	164	1046	Chromatiaceae
ERR3450229.kaiju.out	0.000559	162	2008794	Zoogloeaceae
ERR3450229.kaiju.out	0.000555	161	267889	Colwelliaceae
ERR3450229.kaiju.out	0.000548	159	1202464	Dehalococcoidaceae
ERR3450229.kaiju.out	0.000531	154	1042322	Demequinaceae
ERR3450229.kaiju.out	0.000514	149	2259	Thermococcaceae
ERR3450229.kaiju.out	0.000510	148	203488	Dictyoglomaceae
ERR3450229.kaiju.out	0.000486	141	31	Myxococcaceae
ERR3450229.kaiju.out	0.000476	138	200667	Flammeovirgaceae
ERR3450229.kaiju.out	0.000469	136	134623	Opitutaceae
ERR3450229.kaiju.out	0.000469	136	135617	Thiotrichaceae
ERR3450229.kaiju.out	0.000459	133	191412	Chlorobiaceae
ERR3450229.kaiju.out	0.000445	129	2805400	Actinopolymorphaceae
ERR3450229.kaiju.out	0.000438	127	335929	Erythrobacteraceae
ERR3450229.kaiju.out	0.000435	126	1491775	Proteinivoraceae
ERR3450229.kaiju.out	0.000424	123	204434	Acidobacteriaceae
ERR3450229.kaiju.out	0.000424	123	1890438	Leptolyngbyaceae
ERR3450229.kaiju.out	0.000421	122	85015	Nocardioidaceae
ERR3450229.kaiju.out	0.000421	122	1499392	Chromobacteriaceae
ERR3450229.kaiju.out	0.000407	118	1813606	Balneolaceae
ERR3450229.kaiju.out	0.000404	117	213116	Desulfomicrobiaceae
ERR3450229.kaiju.out	0.000404	117	2771471	Thiovulaceae
ERR3450229.kaiju.out	0.000400	116	84642	Aeromonadaceae
ERR3450229.kaiju.out	0.000400	116	213421	Desulfuromonadaceae
ERR3450229.kaiju.out	0.000393	114	1706375	Spongiibacteraceae
ERR3450229.kaiju.out	0.000383	111	32011	Methylophilaceae
ERR3450229.kaiju.out	0.000369	107	83676	Nocardiopsaceae
ERR3450229.kaiju.out	0.000366	106	191394	Deferribacteraceae
ERR3450229.kaiju.out	0.000352	102	255475	Aurantimonadaceae
ERR3450229.kaiju.out	0.000352	102	1240483	Orbaceae
ERR3450229.kaiju.out	0.000345	100	188786	Thermaceae
ERR3450229.kaiju.out	0.000338	98	2131	Spiroplasmataceae
ERR3450229.kaiju.out	0.000338	98	76892	Caulobacteraceae
ERR3450229.kaiju.out	0.000335	97	2004	Streptosporangiaceae
ERR3450229.kaiju.out	0.000335	97	267890	Shewanellaceae
ERR3450229.kaiju.out	0.000335	97	267893	Idiomarinaceae
ERR3450229.kaiju.out	0.000331	96	2691357	Pirellulaceae
ERR3450229.kaiju.out	0.000324	94	1775411	Rhodanobacteraceae
ERR3450229.kaiju.out	0.000317	92	1162	Nostocaceae
ERR3450229.kaiju.out	0.000317	92	1890500	Hyellaceae
ERR3450229.kaiju.out	0.000303	88	74712	Frankiaceae
ERR3450229.kaiju.out	0.000286	83	2762286	Fulvivirgaceae
ERR3450229.kaiju.out	0.000272	79	475964	Caldilineaceae
ERR3450229.kaiju.out	0.000272	79	1643948	Kosmotogaceae
ERR3450229.kaiju.out	0.000269	78	1100104	Brevinemataceae
ERR3450229.kaiju.out	0.000266	77	1903412	Hafniaceae
ERR3450229.kaiju.out	0.000259	75	203557	Verrucomicrobiaceae
ERR3450229.kaiju.out	0.000259	75	485255	Natranaerobiaceae
ERR3450229.kaiju.out	0.000259	75	513556	Syntrophorhabdaceae
ERR3450229.kaiju.out	0.000255	74	1643950	Fervidobacteriaceae
ERR3450229.kaiju.out	0.000248	72	85026	Gordoniaceae
ERR3450229.kaiju.out	0.000245	71	145360	Sanguibacteraceae
ERR3450229.kaiju.out	0.000245	71	213465	Syntrophobacteraceae
ERR3450229.kaiju.out	0.000241	70	34064	Francisellaceae
ERR3450229.kaiju.out	0.000241	70	85034	Glycomycetaceae
ERR3450229.kaiju.out	0.000241	70	145357	Dermacoccaceae
ERR3450229.kaiju.out	0.000241	70	224379	Hahellaceae
ERR3450229.kaiju.out	0.000241	70	539000	Clostridiales Family XVII. Incertae Sedis
ERR3450229.kaiju.out	0.000238	69	39	Archangiaceae
ERR3450229.kaiju.out	0.000238	69	126	Planctomycetaceae
ERR3450229.kaiju.out	0.000235	68	471823	Haloplasmataceae
ERR3450229.kaiju.out	0.000231	67	2517203	Candidatus Methanomethylophilaceae
ERR3450229.kaiju.out	0.000231	67	2800061	Maricaulaceae
ERR3450229.kaiju.out	0.000224	65	88404	Methanocorpusculaceae
ERR3450229.kaiju.out	0.000221	64	868	Cardiobacteriaceae
ERR3450229.kaiju.out	0.000221	64	92713	Parachlamydiaceae
ERR3450229.kaiju.out	0.000221	64	1903416	Budviciaceae
ERR3450229.kaiju.out	0.000217	63	1783343	Endomicrobiaceae
ERR3450229.kaiju.out	0.000217	63	2762306	Roseivirgaceae
ERR3450229.kaiju.out	0.000214	62	135616	Piscirickettsiaceae
ERR3450229.kaiju.out	0.000210	61	2483367	Sedimentisphaeraceae
ERR3450229.kaiju.out	0.000207	60	1890422	Gloeobacteraceae
ERR3450229.kaiju.out	0.000207	60	1892252	Microcoleaceae
ERR3450229.kaiju.out	0.000203	59	224027	Hydrogenothermaceae
ERR3450229.kaiju.out	0.000203	59	453228	Desulfarculaceae
ERR3450229.kaiju.out	0.000203	59	655351	Cohaesibacteraceae
ERR3450229.kaiju.out	0.000203	59	2661849	Calotrichaceae
ERR3450229.kaiju.out	0.000200	58	1937962	Microscillaceae
ERR3450229.kaiju.out	0.000197	57	85020	Dermabacteraceae
ERR3450229.kaiju.out	0.000193	56	69657	Hyphomonadaceae
ERR3450229.kaiju.out	0.000190	55	2183	Methanococcaceae
ERR3450229.kaiju.out	0.000183	53	539003	Bacillales Family X. Incertae Sedis
ERR3450229.kaiju.out	0.000183	53	580372	Mariprofundaceae
ERR3450229.kaiju.out	0.000179	52	2762317	Thermoflexibacteraceae
ERR3450229.kaiju.out	0.000172	50	563843	Rhodothermaceae
ERR3450229.kaiju.out	0.000172	50	1892254	Oscillatoriaceae
ERR3450229.kaiju.out	0.000169	49	388449	Ktedonobacteraceae
ERR3450229.kaiju.out	0.000169	49	1892251	Coleofasciculaceae
ERR3450229.kaiju.out	0.000166	48	85018	Dermatophilaceae
ERR3450229.kaiju.out	0.000166	48	1573805	Marinifilaceae
ERR3450229.kaiju.out	0.000162	47	1890450	Aphanothecaceae
ERR3450229.kaiju.out	0.000159	46	49	Polyangiaceae
ERR3450229.kaiju.out	0.000159	46	33925	Entomoplasmataceae
ERR3450229.kaiju.out	0.000148	43	143067	Methanotrichaceae
ERR3450229.kaiju.out	0.000145	42	1213	Prochloraceae
ERR3450229.kaiju.out	0.000145	42	1127830	Candidatus Brocadiaceae
ERR3450229.kaiju.out	0.000145	42	1644056	Haloferacaceae
ERR3450229.kaiju.out	0.000141	41	89374	Saprospiraceae
ERR3450229.kaiju.out	0.000138	40	2232	Archaeoglobaceae
ERR3450229.kaiju.out	0.000138	40	75787	Rhodocyclaceae
ERR3450229.kaiju.out	0.000138	40	1077264	Chthonomonadaceae
ERR3450229.kaiju.out	0.000135	39	45404	Beijerinckiaceae
ERR3450229.kaiju.out	0.000131	38	85019	Brevibacteriaceae
ERR3450229.kaiju.out	0.000131	38	134621	Verrucomicrobia subdivision 3
ERR3450229.kaiju.out	0.000128	37	39782	Blattabacteriaceae
ERR3450229.kaiju.out	0.000121	35	117942	Desulfurellaceae
ERR3450229.kaiju.out	0.000121	35	1921783	Kiritimatiellaceae
ERR3450229.kaiju.out	0.000117	34	2012	Thermomonosporaceae
ERR3450229.kaiju.out	0.000117	34	31993	Methylocystaceae
ERR3450229.kaiju.out	0.000117	34	558314	Desulfurobacteriaceae
ERR3450229.kaiju.out	0.000117	34	1524213	Vulgatibacteraceae
ERR3450229.kaiju.out	0.000117	34	1676650	Limnochordaceae
ERR3450229.kaiju.out	0.000117	34	1853233	Thermonemataceae
ERR3450229.kaiju.out	0.000117	34	1963268	Haloarculaceae
ERR3450229.kaiju.out	0.000117	34	2805590	Ornithinimicrobiaceae
ERR3450229.kaiju.out	0.000117	34	2812024	Syntrophotaleaceae
ERR3450229.kaiju.out	0.000114	33	224372	Alcanivoracaceae
ERR3450229.kaiju.out	0.000114	33	2066474	Endozoicomonadaceae
ERR3450229.kaiju.out	0.000110	32	267894	Psychromonadaceae
ERR3450229.kaiju.out	0.000107	31	693073	Caldisericaceae
ERR3450229.kaiju.out	0.000107	31	1331736	Ruaniaceae
ERR3450229.kaiju.out	0.000103	30	84997	Rubrobacteraceae
ERR3450229.kaiju.out	0.000103	30	335928	Xanthobacteraceae
ERR3450229.kaiju.out	0.000100	29	942	Anaplasmataceae
ERR3450229.kaiju.out	0.000100	29	224380	Desulfonatronaceae
ERR3450229.kaiju.out	0.000100	29	1853230	Crocinitomicaceae
ERR3450229.kaiju.out	0.000097	28	189770	Chrysiogenaceae
ERR3450229.kaiju.out	0.000097	28	2008793	Sterolibacteriaceae
ERR3450229.kaiju.out	0.000093	27	196117	Methanocaldococcaceae
ERR3450229.kaiju.out	0.000093	27	213483	Bdellovibrionaceae
ERR3450229.kaiju.out	0.000093	27	320583	Conexibacteraceae
ERR3450229.kaiju.out	0.000093	27	543349	Symbiobacteriaceae
ERR3450229.kaiju.out	0.000093	27	566277	Lentisphaeraceae
ERR3450229.kaiju.out	0.000093	27	1055686	Sandaracinaceae
ERR3450229.kaiju.out	0.000093	27	1840213	Lentimicrobiaceae
ERR3450229.kaiju.out	0.000093	27	1890464	Chroococcaceae
ERR3450229.kaiju.out	0.000090	26	772	Bartonellaceae
ERR3450229.kaiju.out	0.000090	26	219687	Gemmatimonadaceae
ERR3450229.kaiju.out	0.000090	26	570265	Methanocellaceae
ERR3450229.kaiju.out	0.000090	26	1198451	Methanoregulaceae
ERR3450229.kaiju.out	0.000090	26	1853234	Persicobacteraceae
ERR3450229.kaiju.out	0.000090	26	1970190	Salinivirgaceae
ERR3450229.kaiju.out	0.000086	25	1663426	Fimbriimonadaceae
ERR3450229.kaiju.out	0.000086	25	2008790	Thiobacillaceae
ERR3450229.kaiju.out	0.000086	25	2038695	Williamwhitmaniaceae
ERR3450229.kaiju.out	0.000086	25	2048906	Pyrinomonadaceae
ERR3450229.kaiju.out	0.000083	24	2008795	Azonexaceae
ERR3450229.kaiju.out	0.000083	24	2815910	Geminocystaceae
ERR3450229.kaiju.out	0.000079	23	83778	Kineosporiaceae
ERR3450229.kaiju.out	0.000079	23	1706373	Microbulbiferaceae
ERR3450229.kaiju.out	0.000079	23	1836792	Chthoniobacteraceae
ERR3450229.kaiju.out	0.000079	23	1890436	Pseudanabaenaceae
ERR3450229.kaiju.out	0.000079	23	2771472	Sulfurovaceae
ERR3450229.kaiju.out	0.000076	22	85002	Sphaerobacteraceae
ERR3450229.kaiju.out	0.000076	22	118968	Coxiellaceae
ERR3450229.kaiju.out	0.000076	22	1777752	Candidatus Paracaedibacteraceae
ERR3450229.kaiju.out	0.000076	22	1937968	Bernardetiaceae
ERR3450229.kaiju.out	0.000076	22	1962854	Calditrichaceae
ERR3450229.kaiju.out	0.000072	21	1106	Chloroflexaceae
ERR3450229.kaiju.out	0.000072	21	64898	Aquificaceae
ERR3450229.kaiju.out	0.000072	21	118882	Brucellaceae
ERR3450229.kaiju.out	0.000072	21	666507	Phycisphaeraceae
ERR3450229.kaiju.out	0.000072	21	1217100	Jiangellaceae
ERR3450229.kaiju.out	0.000072	21	1334117	Melioribacteraceae
ERR3450229.kaiju.out	0.000072	21	1524215	Anaeromyxobacteraceae
ERR3450229.kaiju.out	0.000072	21	2138247	Coprothermobacteraceae
ERR3450229.kaiju.out	0.000072	21	2303730	Prochlorotrichaceae
ERR3450229.kaiju.out	0.000069	20	1644061	Natrialbaceae
ERR3450229.kaiju.out	0.000069	20	1655514	Pelagibacteraceae
ERR3450229.kaiju.out	0.000069	20	1763524	Isosphaeraceae
ERR3450229.kaiju.out	0.000069	20	1914233	Gemmataceae
ERR3450229.kaiju.out	0.000066	19	1182	Scytonemataceae
ERR3450229.kaiju.out	0.000066	19	189777	Thermomicrobiaceae
ERR3450229.kaiju.out	0.000066	19	263369	Bacteriovoracaceae
ERR3450229.kaiju.out	0.000066	19	574976	Holophagaceae
ERR3450229.kaiju.out	0.000066	19	1508635	Roseiflexaceae
ERR3450229.kaiju.out	0.000066	19	1963271	Halorubraceae
ERR3450229.kaiju.out	0.000062	18	85022	Jonesiaceae
ERR3450229.kaiju.out	0.000062	18	415002	Puniceicoccaceae
ERR3450229.kaiju.out	0.000062	18	1522127	Catalimonadaceae
ERR3450229.kaiju.out	0.000062	18	2726069	Kribbellaceae
ERR3450229.kaiju.out	0.000062	18	2762316	Terrimicrobiaceae
ERR3450229.kaiju.out	0.000062	18	2813951	Terasakiellaceae
ERR3450229.kaiju.out	0.000059	17	641876	Elusimicrobiaceae
ERR3450229.kaiju.out	0.000059	17	1920240	Kangiellaceae
ERR3450229.kaiju.out	0.000059	17	1937960	Lewinellaceae
ERR3450229.kaiju.out	0.000059	17	2762302	Reichenbachiellaceae
ERR3450229.kaiju.out	0.000055	16	2307	Pyrodictiaceae
ERR3450229.kaiju.out	0.000055	16	119043	Rhodobiaceae
ERR3450229.kaiju.out	0.000055	16	224463	Nannocystaceae
ERR3450229.kaiju.out	0.000055	16	1191479	Magnetococcaceae
ERR3450229.kaiju.out	0.000055	16	1382930	Ardenticatenaceae
ERR3450229.kaiju.out	0.000055	16	1442156	Ferrovaceae
ERR3450229.kaiju.out	0.000052	15	809	Chlamydiaceae
ERR3450229.kaiju.out	0.000052	15	224467	Nautiliaceae
ERR3450229.kaiju.out	0.000052	15	320599	Solirubrobacteraceae
ERR3450229.kaiju.out	0.000052	15	407032	Nitrospinaceae
ERR3450229.kaiju.out	0.000052	15	568386	Sinobacteraceae
ERR3450229.kaiju.out	0.000052	15	1706372	Halieaceae
ERR3450229.kaiju.out	0.000052	15	1892263	Hapalosiphonaceae
ERR3450229.kaiju.out	0.000052	15	2211325	Vicinamibacteraceae
ERR3450229.kaiju.out	0.000048	14	2267	Thermoproteaceae
ERR3450229.kaiju.out	0.000048	14	90627	Gallionellaceae
ERR3450229.kaiju.out	0.000048	14	125316	Beutenbergiaceae
ERR3450229.kaiju.out	0.000048	14	267892	Ferrimonadaceae
ERR3450229.kaiju.out	0.000048	14	742031	Salinisphaeraceae
ERR3450229.kaiju.out	0.000048	14	1937961	Haliscomenobacteraceae
ERR3450229.kaiju.out	0.000048	14	2811504	Thermodesulfovibrionaceae
ERR3450229.kaiju.out	0.000045	13	85029	Dietziaceae
ERR3450229.kaiju.out	0.000045	13	85031	Nakamurellaceae
ERR3450229.kaiju.out	0.000045	13	189773	Herpetosiphonaceae
ERR3450229.kaiju.out	0.000041	12	224464	Kofleriaceae
ERR3450229.kaiju.out	0.000041	12	225058	Acidithiobacillaceae
ERR3450229.kaiju.out	0.000041	12	795749	Ignavibacteriaceae
ERR3450229.kaiju.out	0.000041	12	1033997	Nitrososphaeraceae
ERR3450229.kaiju.out	0.000041	12	1331809	Kordiimonadaceae
ERR3450229.kaiju.out	0.000041	12	1400857	Candidatus Competibacteraceae
ERR3450229.kaiju.out	0.000041	12	1505234	Chitinivibrionaceae
ERR3450229.kaiju.out	0.000041	12	2813035	Parvibaculaceae
ERR3450229.kaiju.out	0.000038	11	227387	Thermodesulfobiaceae
ERR3450229.kaiju.out	0.000038	11	255527	Saccharospirillaceae
ERR3450229.kaiju.out	0.000038	11	2762284	Flexibacteraceae
ERR3450229.kaiju.out	0.000038	11	2762301	Marivirgaceae
ERR3450229.kaiju.out	0.000034	10	2236	Halobacteriaceae
ERR3450229.kaiju.out	0.000034	10	104174	Oscillochloridaceae
ERR3450229.kaiju.out	0.000034	10	119859	Tolypothrichaceae
ERR3450229.kaiju.out	0.000034	10	246874	Cryomorphaceae
ERR3450229.kaiju.out	0.000034	10	768668	Thermogemmatisporaceae
ERR3450229.kaiju.out	0.000034	10	1266054	Algiphilaceae
ERR3450229.kaiju.out	0.000034	10	1333713	Schleiferiaceae
ERR3450229.kaiju.out	0.000034	10	1460864	Methanocalculaceae
ERR3450229.kaiju.out	0.000034	10	1643685	Borreliaceae
ERR3450229.kaiju.out	0.000034	10	1860138	Chitinispirillaceae
ERR3450229.kaiju.out	0.000034	10	1890448	Spirulinaceae
ERR3450229.kaiju.out	0.000031	9	84994	Acidimicrobiaceae
ERR3450229.kaiju.out	0.000031	9	225059	Thermithiobacillaceae
ERR3450229.kaiju.out	0.000031	9	1486721	Methylothermaceae
ERR3450229.kaiju.out	0.000031	9	1769717	Mesoaciditogaceae
ERR3450229.kaiju.out	0.000031	9	1890428	Merismopediaceae
ERR3450229.kaiju.out	0.000031	9	2100208	Caedimonadaceae
ERR3450229.kaiju.out	0.000031	9	2212439	Thiolinaceae
ERR3450229.kaiju.out	0.000031	9	2562242	Thermoanaerobaculaceae
ERR3450229.kaiju.out	0.000031	9	2772226	Sulfuricellaceae
ERR3450229.kaiju.out	0.000028	8	510685	Sneathiellaceae
ERR3450229.kaiju.out	0.000028	8	596498	Nitriliruptoraceae
ERR3450229.kaiju.out	0.000028	8	1524216	Labilitrichaceae
ERR3450229.kaiju.out	0.000028	8	1955043	Gloeomargaritaceae
ERR3450229.kaiju.out	0.000028	8	2448023	Ilumatobacteraceae
ERR3450229.kaiju.out	0.000028	8	2689614	Steroidobacteraceae
ERR3450229.kaiju.out	0.000028	8	2762276	Cesiribacteraceae
ERR3450229.kaiju.out	0.000024	7	2272	Desulfurococcaceae
ERR3450229.kaiju.out	0.000024	7	196137	Methanospirillaceae
ERR3450229.kaiju.out	0.000024	7	332161	Solibacteraceae
ERR3450229.kaiju.out	0.000024	7	332247	Trueperaceae
ERR3450229.kaiju.out	0.000024	7	361606	Patulibacteraceae
ERR3450229.kaiju.out	0.000024	7	717964	Methylacidiphilaceae
ERR3450229.kaiju.out	0.000024	7	1501348	Amoebophilaceae
ERR3450229.kaiju.out	0.000024	7	1553902	Oligoflexaceae
ERR3450229.kaiju.out	0.000024	7	1738654	Woeseiaceae
ERR3450229.kaiju.out	0.000024	7	1890429	Acaryochloridaceae
ERR3450229.kaiju.out	0.000024	7	1892259	Aphanizomenonaceae
ERR3450229.kaiju.out	0.000024	7	2805586	Lawsonellaceae
ERR3450229.kaiju.out	0.000021	6	114378	Thermofilaceae
ERR3450229.kaiju.out	0.000021	6	118883	Sulfolobaceae
ERR3450229.kaiju.out	0.000021	6	206349	Hydrogenophilaceae
ERR3450229.kaiju.out	0.000021	6	292630	Hydrogenimonaceae
ERR3450229.kaiju.out	0.000021	6	320796	Thermoleophilaceae
ERR3450229.kaiju.out	0.000021	6	1392996	Candidatus Methanoperedenaceae
ERR3450229.kaiju.out	0.000021	6	1652132	Halobacteriovoraceae
ERR3450229.kaiju.out	0.000021	6	1692041	Acidiferrobacteraceae
ERR3450229.kaiju.out	0.000021	6	1769745	Pseudobacteriovoracaceae
ERR3450229.kaiju.out	0.000021	6	1868322	Candidatus Thermochlorobacteriaceae
ERR3450229.kaiju.out	0.000021	6	1890499	Xenococcaceae
ERR3450229.kaiju.out	0.000021	6	1969992	Desertifilaceae
ERR3450229.kaiju.out	0.000021	6	2690158	Anaerohalosphaeraceae
ERR3450229.kaiju.out	0.000017	5	1185	Rivulariaceae
ERR3450229.kaiju.out	0.000017	5	1189	Stigonemataceae
ERR3450229.kaiju.out	0.000017	5	205957	Cenarchaeaceae
ERR3450229.kaiju.out	0.000017	5	255474	Parvularculaceae
ERR3450229.kaiju.out	0.000017	5	622451	Actinopolysporaceae
ERR3450229.kaiju.out	0.000017	5	1771359	Thorselliaceae
ERR3450229.kaiju.out	0.000017	5	1890528	Chroococcidiopsidaceae
ERR3450229.kaiju.out	0.000017	5	1934946	Immundisolibacteraceae
ERR3450229.kaiju.out	0.000017	5	1962910	Bryobacteraceae
ERR3450229.kaiju.out	0.000017	5	1963270	Halococcaceae
ERR3450229.kaiju.out	0.000017	5	2036754	Chelatococcaceae
ERR3450229.kaiju.out	0.000017	5	2152899	Candidatus Fermentibacteraceae
ERR3450229.kaiju.out	0.000017	5	2814874	Neomegalonemataceae
ERR3450229.kaiju.out	0.000014	4	89377	Crenotrichaceae
ERR3450229.kaiju.out	0.000014	4	412447	Criblamydiaceae
ERR3450229.kaiju.out	0.000014	4	414877	Catenulisporaceae
ERR3450229.kaiju.out	0.000014	4	597359	Kiloniellaceae
ERR3450229.kaiju.out	0.000014	4	1648490	Rubritaleaceae
ERR3450229.kaiju.out	0.000014	4	1706374	Porticoccaceae
ERR3450229.kaiju.out	0.000014	4	1890431	Chamaesiphonaceae
ERR3450229.kaiju.out	0.000014	4	2024974	Silvanigrellaceae
ERR3450229.kaiju.out	0.000014	4	2056687	Fastidiosibacteraceae
ERR3450229.kaiju.out	0.000014	4	2066434	Geminicoccaceae
ERR3450229.kaiju.out	0.000014	4	2800062	Robiginitomaculaceae
ERR3450229.kaiju.out	0.000010	3	775	Rickettsiaceae
ERR3450229.kaiju.out	0.000010	3	44746	Holosporaceae
ERR3450229.kaiju.out	0.000010	3	338190	Nitrosopumilaceae
ERR3450229.kaiju.out	0.000010	3	1676141	Wenzhouxiangellaceae
ERR3450229.kaiju.out	0.000010	3	1892255	Gomontiellaceae
ERR3450229.kaiju.out	0.000010	3	1892261	Chlorogloeopsidaceae
ERR3450229.kaiju.out	0.000010	3	2212440	Thiofilaceae
ERR3450229.kaiju.out	0.000010	3	2690195	Elioraeaceae
ERR3450229.kaiju.out	0.000010	3	2795691	Nitratiruptoraceae
ERR3450229.kaiju.out	0.000010	3	2812006	Bruguierivoracaceae
ERR3450229.kaiju.out	0.000007	2	92712	Simkaniaceae
ERR3450229.kaiju.out	0.000007	2	92714	Waddliaceae
ERR3450229.kaiju.out	0.000007	2	255526	Halothiobacillaceae
ERR3450229.kaiju.out	0.000007	2	316606	Segniliparaceae
ERR3450229.kaiju.out	0.000007	2	622454	Cryptosporangiaceae
ERR3450229.kaiju.out	0.000007	2	1328881	Candidatus Midichloriaceae
ERR3450229.kaiju.out	0.000007	2	1798913	Microthrixaceae
ERR3450229.kaiju.out	0.000007	2	1890449	Microcystaceae
ERR3450229.kaiju.out	0.000007	2	1892249	Cyanothecaceae
ERR3450229.kaiju.out	0.000007	2	1892258	Symphyonemataceae
ERR3450229.kaiju.out	0.000007	2	1902584	Candidatus Desulfofervidaceae
ERR3450229.kaiju.out	0.000007	2	1915415	Candidatus Methanomethyliaceae
ERR3450229.kaiju.out	0.000003	1	2178	Methanothermaceae
ERR3450229.kaiju.out	0.000003	1	46659	Thermoplasmataceae
ERR3450229.kaiju.out	0.000003	1	85028	Tsukamurellaceae
ERR3450229.kaiju.out	0.000003	1	85032	Acidothermaceae
ERR3450229.kaiju.out	0.000003	1	183713	Methanopyraceae
ERR3450229.kaiju.out	0.000003	1	255472	Caldisphaeraceae
ERR3450229.kaiju.out	0.000003	1	685949	Fervidicoccaceae
ERR3450229.kaiju.out	0.000003	1	1747776	Cuniculiplasmataceae
ERR3450229.kaiju.out	0.000003	1	1890498	Dermocarpellaceae
ERR3450229.kaiju.out	0.000003	1	1892264	Fortieaceae
ERR3450229.kaiju.out	0.000003	1	2137278	Salinarimonadaceae
ERR3450229.kaiju.out	0.000003	1	2805416	Jatrophihabitantaceae
ERR3450229.kaiju.out	0.000003	1	2805426	Kytococcaceae
ERR3450229.kaiju.out	0.042365	12284	10239	Viruses
ERR3450229.kaiju.out	11.506982	3336520	NA	cannot be assigned to a (non-viral) family
ERR3450229.kaiju.out	22.151487	6422959	NA	unclassified
file	percent	reads	taxon_id	taxon_name
ERR3450296.kaiju.out	31.440773	5876879	543	Enterobacteriaceae
ERR3450296.kaiju.out	9.088283	1698773	186803	Lachnospiraceae
ERR3450296.kaiju.out	9.004369	1683088	33958	Lactobacillaceae
ERR3450296.kaiju.out	5.332362	996720	541000	Ruminococcaceae
ERR3450296.kaiju.out	3.616913	676070	31977	Veillonellaceae
ERR3450296.kaiju.out	3.474825	649511	31953	Bifidobacteriaceae
ERR3450296.kaiju.out	2.231298	417072	1300	Streptococcaceae
ERR3450296.kaiju.out	1.699886	317741	31979	Clostridiaceae
ERR3450296.kaiju.out	0.681461	127378	186806	Eubacteriaceae
ERR3450296.kaiju.out	0.584092	109178	84107	Coriobacteriaceae
ERR3450296.kaiju.out	0.516780	96596	815	Bacteroidaceae
ERR3450296.kaiju.out	0.505267	94444	128827	Erysipelotrichaceae
ERR3450296.kaiju.out	0.454282	84914	171550	Rikenellaceae
ERR3450296.kaiju.out	0.408931	76437	81852	Enterococcaceae
ERR3450296.kaiju.out	0.408011	76265	1903414	Morganellaceae
ERR3450296.kaiju.out	0.337125	63015	1903409	Erwiniaceae
ERR3450296.kaiju.out	0.335257	62666	2005525	Tannerellaceae
ERR3450296.kaiju.out	0.263863	49321	171552	Prevotellaceae
ERR3450296.kaiju.out	0.200953	37562	1903411	Yersiniaceae
ERR3450296.kaiju.out	0.134668	25172	2810280	Coprobacillaceae
ERR3450296.kaiju.out	0.133432	24941	194924	Desulfovibrionaceae
ERR3450296.kaiju.out	0.118083	22072	135621	Pseudomonadaceae
ERR3450296.kaiju.out	0.115783	21642	1643826	Eggerthellaceae
ERR3450296.kaiju.out	0.111203	20786	1268	Micrococcaceae
ERR3450296.kaiju.out	0.079419	14845	1903410	Pectobacteriaceae
ERR3450296.kaiju.out	0.070292	13139	1903416	Budviciaceae
ERR3450296.kaiju.out	0.061845	11560	216572	Oscillospiraceae
ERR3450296.kaiju.out	0.059079	11043	72275	Alteromonadaceae
ERR3450296.kaiju.out	0.055703	10412	641	Vibrionaceae
ERR3450296.kaiju.out	0.049123	9182	186817	Bacillaceae
ERR3450296.kaiju.out	0.042205	7889	186828	Carnobacteriaceae
ERR3450296.kaiju.out	0.041842	7821	186822	Paenibacillaceae
ERR3450296.kaiju.out	0.039129	7314	712	Pasteurellaceae
ERR3450296.kaiju.out	0.036615	6844	31984	Heliobacteriaceae
ERR3450296.kaiju.out	0.036251	6776	31989	Rhodobacteraceae
ERR3450296.kaiju.out	0.036010	6731	2049	Actinomycetaceae
ERR3450296.kaiju.out	0.035015	6545	1903412	Hafniaceae
ERR3450296.kaiju.out	0.034849	6514	1643824	Atopobiaceae
ERR3450296.kaiju.out	0.034421	6434	433	Acetobacteraceae
ERR3450296.kaiju.out	0.022256	4160	1853231	Odoribacteraceae
ERR3450296.kaiju.out	0.021496	4018	909930	Acidaminococcaceae
ERR3450296.kaiju.out	0.020501	3832	119060	Burkholderiaceae
ERR3450296.kaiju.out	0.020362	3806	1843491	Selenomonadaceae
ERR3450296.kaiju.out	0.019442	3634	990719	Christensenellaceae
ERR3450296.kaiju.out	0.019019	3555	81850	Leuconostocaceae
ERR3450296.kaiju.out	0.018446	3448	1046	Chromatiaceae
ERR3450296.kaiju.out	0.017564	3283	2304686	Hungateiclostridiaceae
ERR3450296.kaiju.out	0.016793	3139	186804	Peptostreptococcaceae
ERR3450296.kaiju.out	0.015943	2980	80864	Comamonadaceae
ERR3450296.kaiju.out	0.015541	2905	41295	Rhodospirillaceae
ERR3450296.kaiju.out	0.015504	2898	468	Moraxellaceae
ERR3450296.kaiju.out	0.015044	2812	32033	Xanthomonadaceae
ERR3450296.kaiju.out	0.014921	2789	267888	Pseudoalteromonadaceae
ERR3450296.kaiju.out	0.014429	2697	1570339	Peptoniphilaceae
ERR3450296.kaiju.out	0.013343	2494	543314	Clostridiales Family XIII. Incertae Sedis
ERR3450296.kaiju.out	0.012578	2351	481	Neisseriaceae
ERR3450296.kaiju.out	0.012283	2296	186820	Listeriaceae
ERR3450296.kaiju.out	0.012241	2288	2005519	Barnesiellaceae
ERR3450296.kaiju.out	0.012144	2270	90964	Staphylococcaceae
ERR3450296.kaiju.out	0.011786	2203	84642	Aeromonadaceae
ERR3450296.kaiju.out	0.009261	1731	49546	Flavobacteriaceae
ERR3450296.kaiju.out	0.009148	1710	135620	Oceanospirillaceae
ERR3450296.kaiju.out	0.008982	1679	186807	Peptococcaceae
ERR3450296.kaiju.out	0.008405	1571	186827	Aerococcaceae
ERR3450296.kaiju.out	0.008127	1519	89373	Cytophagaceae
ERR3450296.kaiju.out	0.008110	1516	189779	Nitrospiraceae
ERR3450296.kaiju.out	0.008052	1505	32011	Methylophilaceae
ERR3450296.kaiju.out	0.006730	1258	868	Cardiobacteriaceae
ERR3450296.kaiju.out	0.006308	1179	28256	Halomonadaceae
ERR3450296.kaiju.out	0.006083	1137	506	Alcaligenaceae
ERR3450296.kaiju.out	0.005896	1102	2062	Streptomycetaceae
ERR3450296.kaiju.out	0.005874	1098	137	Spirochaetaceae
ERR3450296.kaiju.out	0.005505	1029	82115	Rhizobiaceae
ERR3450296.kaiju.out	0.005248	981	119045	Methylobacteriaceae
ERR3450296.kaiju.out	0.004965	928	444	Legionellaceae
ERR3450296.kaiju.out	0.004799	897	267890	Shewanellaceae
ERR3450296.kaiju.out	0.004665	872	1499392	Chromobacteriaceae
ERR3450296.kaiju.out	0.004601	860	171551	Porphyromonadaceae
ERR3450296.kaiju.out	0.004585	857	1653	Corynebacteriaceae
ERR3450296.kaiju.out	0.004585	857	186818	Planococcaceae
ERR3450296.kaiju.out	0.004547	850	203492	Fusobacteriaceae
ERR3450296.kaiju.out	0.004489	839	2131	Spiroplasmataceae
ERR3450296.kaiju.out	0.004323	808	33925	Entomoplasmataceae
ERR3450296.kaiju.out	0.004125	771	1706371	Cellvibrionaceae
ERR3450296.kaiju.out	0.003986	745	649777	Synergistaceae
ERR3450296.kaiju.out	0.003932	735	75682	Oxalobacteraceae
ERR3450296.kaiju.out	0.003857	721	1647988	Akkermansiaceae
ERR3450296.kaiju.out	0.003836	717	1706372	Halieaceae
ERR3450296.kaiju.out	0.003836	717	1843490	Sporomusaceae
ERR3450296.kaiju.out	0.003734	698	995019	Sutterellaceae
ERR3450296.kaiju.out	0.003600	673	213422	Geobacteraceae
ERR3450296.kaiju.out	0.003526	659	31957	Propionibacteriaceae
ERR3450296.kaiju.out	0.003285	614	1890426	Synechococcaceae
ERR3450296.kaiju.out	0.003098	579	41297	Sphingomonadaceae
ERR3450296.kaiju.out	0.003055	571	267893	Idiomarinaceae
ERR3450296.kaiju.out	0.003001	561	1129771	Leptotrichiaceae
ERR3450296.kaiju.out	0.002862	535	1706375	Spongiibacteraceae
ERR3450296.kaiju.out	0.002803	524	85021	Intrasporangiaceae
ERR3450296.kaiju.out	0.002787	521	85023	Microbacteriaceae
ERR3450296.kaiju.out	0.002734	511	1240483	Orbaceae
ERR3450296.kaiju.out	0.002728	510	2159	Methanobacteriaceae
ERR3450296.kaiju.out	0.002675	500	68298	Syntrophomonadaceae
ERR3450296.kaiju.out	0.002579	482	72276	Ectothiorhodospiraceae
ERR3450296.kaiju.out	0.002563	479	206379	Nitrosomonadaceae
ERR3450296.kaiju.out	0.002386	446	2812006	Bruguierivoracaceae
ERR3450296.kaiju.out	0.002354	440	83763	Succinivibrionaceae
ERR3450296.kaiju.out	0.002258	422	2005520	Dysgonomonadaceae
ERR3450296.kaiju.out	0.002145	401	41294	Bradyrhizobiaceae
ERR3450296.kaiju.out	0.002113	395	2008790	Thiobacillaceae
ERR3450296.kaiju.out	0.002001	374	1892252	Microcoleaceae
ERR3450296.kaiju.out	0.001910	357	85025	Nocardiaceae
ERR3450296.kaiju.out	0.001905	356	84566	Sphingobacteriaceae
ERR3450296.kaiju.out	0.001889	353	72293	Helicobacteraceae
ERR3450296.kaiju.out	0.001878	351	135617	Thiotrichaceae
ERR3450296.kaiju.out	0.001723	322	204431	Fibrobacteraceae
ERR3450296.kaiju.out	0.001584	296	69277	Phyllobacteriaceae
ERR3450296.kaiju.out	0.001530	286	76892	Caulobacteraceae
ERR3450296.kaiju.out	0.001514	283	2092	Mycoplasmataceae
ERR3450296.kaiju.out	0.001487	278	45401	Hyphomicrobiaceae
ERR3450296.kaiju.out	0.001354	253	563835	Chitinophagaceae
ERR3450296.kaiju.out	0.001343	251	1921783	Kiritimatiellaceae
ERR3450296.kaiju.out	0.001305	244	267889	Colwelliaceae
ERR3450296.kaiju.out	0.001279	239	543347	Clostridiales Family XVI. Incertae Sedis
ERR3450296.kaiju.out	0.001273	238	2008794	Zoogloeaceae
ERR3450296.kaiju.out	0.001268	237	75787	Rhodocyclaceae
ERR3450296.kaiju.out	0.001263	236	2805400	Actinopolymorphaceae
ERR3450296.kaiju.out	0.001247	233	1937961	Haliscomenobacteraceae
ERR3450296.kaiju.out	0.001220	228	143067	Methanotrichaceae
ERR3450296.kaiju.out	0.001204	225	1706373	Microbulbiferaceae
ERR3450296.kaiju.out	0.001156	216	2770093	Thermosediminibacteraceae
ERR3450296.kaiju.out	0.001140	213	213117	Desulfohalobiaceae
ERR3450296.kaiju.out	0.001129	211	1775411	Rhodanobacteraceae
ERR3450296.kaiju.out	0.001113	208	72294	Campylobacteraceae
ERR3450296.kaiju.out	0.001107	207	213119	Desulfobacteraceae
ERR3450296.kaiju.out	0.001070	200	403	Methylococcaceae
ERR3450296.kaiju.out	0.001070	200	1934946	Immundisolibacteraceae
ERR3450296.kaiju.out	0.001065	199	186814	Thermoanaerobacteraceae
ERR3450296.kaiju.out	0.001038	194	2762318	Weeksellaceae
ERR3450296.kaiju.out	0.001027	192	292628	Anaerolineaceae
ERR3450296.kaiju.out	0.001006	188	1737406	Tissierellaceae
ERR3450296.kaiju.out	0.000974	182	335928	Xanthobacteraceae
ERR3450296.kaiju.out	0.000963	180	224379	Hahellaceae
ERR3450296.kaiju.out	0.000958	179	135616	Piscirickettsiaceae
ERR3450296.kaiju.out	0.000942	176	1762	Mycobacteriaceae
ERR3450296.kaiju.out	0.000936	175	85017	Promicromonosporaceae
ERR3450296.kaiju.out	0.000920	172	2066474	Endozoicomonadaceae
ERR3450296.kaiju.out	0.000909	170	213121	Desulfobulbaceae
ERR3450296.kaiju.out	0.000877	164	2146	Acholeplasmataceae
ERR3450296.kaiju.out	0.000877	164	183710	Deinococcaceae
ERR3450296.kaiju.out	0.000861	161	543371	Thermoanaerobacterales Family III. Incertae Sedis
ERR3450296.kaiju.out	0.000840	157	2005473	Muribaculaceae
ERR3450296.kaiju.out	0.000738	138	2800061	Maricaulaceae
ERR3450296.kaiju.out	0.000717	134	186824	Thermoactinomycetaceae
ERR3450296.kaiju.out	0.000674	126	134623	Opitutaceae
ERR3450296.kaiju.out	0.000631	118	563798	Cyclobacteriaceae
ERR3450296.kaiju.out	0.000626	117	186823	Alicyclobacillaceae
ERR3450296.kaiju.out	0.000583	109	255475	Aurantimonadaceae
ERR3450296.kaiju.out	0.000578	108	543313	Clostridiales Family XII. Incertae Sedis
ERR3450296.kaiju.out	0.000551	103	1471398	Prolixibacteraceae
ERR3450296.kaiju.out	0.000535	100	1042322	Demequinaceae
ERR3450296.kaiju.out	0.000524	98	655351	Cohaesibacteraceae
ERR3450296.kaiju.out	0.000524	98	2810281	Turicibacteraceae
ERR3450296.kaiju.out	0.000519	97	2070	Pseudonocardiaceae
ERR3450296.kaiju.out	0.000514	96	424536	Catabacteriaceae
ERR3450296.kaiju.out	0.000492	92	186821	Sporolactobacillaceae
ERR3450296.kaiju.out	0.000476	89	69657	Hyphomonadaceae
ERR3450296.kaiju.out	0.000471	88	2206	Methanosarcinaceae
ERR3450296.kaiju.out	0.000455	85	191412	Chlorobiaceae
ERR3450296.kaiju.out	0.000449	84	85016	Cellulomonadaceae
ERR3450296.kaiju.out	0.000433	81	267891	Moritellaceae
ERR3450296.kaiju.out	0.000401	75	772	Bartonellaceae
ERR3450296.kaiju.out	0.000396	74	28056	Micromonosporaceae
ERR3450296.kaiju.out	0.000391	73	31993	Methylocystaceae
ERR3450296.kaiju.out	0.000391	73	2770092	Tepidanaerobacteraceae
ERR3450296.kaiju.out	0.000385	72	972	Halanaerobiaceae
ERR3450296.kaiju.out	0.000385	72	2815910	Geminocystaceae
ERR3450296.kaiju.out	0.000374	70	85015	Nocardioidaceae
ERR3450296.kaiju.out	0.000374	70	597359	Kiloniellaceae
ERR3450296.kaiju.out	0.000364	68	53434	Halobacteroidaceae
ERR3450296.kaiju.out	0.000364	68	206349	Hydrogenophilaceae
ERR3450296.kaiju.out	0.000364	68	1853232	Hymenobacteraceae
ERR3450296.kaiju.out	0.000353	66	204434	Acidobacteriaceae
ERR3450296.kaiju.out	0.000342	64	2194	Methanomicrobiaceae
ERR3450296.kaiju.out	0.000342	64	2212440	Thiofilaceae
ERR3450296.kaiju.out	0.000332	62	143786	Brachyspiraceae
ERR3450296.kaiju.out	0.000326	61	2483367	Sedimentisphaeraceae
ERR3450296.kaiju.out	0.000321	60	335929	Erythrobacteraceae
ERR3450296.kaiju.out	0.000305	57	1202464	Dehalococcoidaceae
ERR3450296.kaiju.out	0.000294	55	2093822	Candidatus Nanosynbacteraceae
ERR3450296.kaiju.out	0.000289	54	2042895	Gottschalkiaceae
ERR3450296.kaiju.out	0.000278	52	2005523	Paludibacteraceae
ERR3450296.kaiju.out	0.000273	51	188711	Thermodesulfobacteriaceae
ERR3450296.kaiju.out	0.000267	50	568386	Sinobacteraceae
ERR3450296.kaiju.out	0.000257	48	1553902	Oligoflexaceae
ERR3450296.kaiju.out	0.000246	46	543372	Thermoanaerobacterales Family IV. Incertae Sedis
ERR3450296.kaiju.out	0.000241	45	558415	Marinilabiliaceae
ERR3450296.kaiju.out	0.000241	45	1577788	Methanomassiliicoccaceae
ERR3450296.kaiju.out	0.000230	43	118968	Coxiellaceae
ERR3450296.kaiju.out	0.000209	39	85020	Dermabacteraceae
ERR3450296.kaiju.out	0.000209	39	191394	Deferribacteraceae
ERR3450296.kaiju.out	0.000209	39	1505234	Chitinivibrionaceae
ERR3450296.kaiju.out	0.000203	38	170	Leptospiraceae
ERR3450296.kaiju.out	0.000203	38	85026	Gordoniaceae
ERR3450296.kaiju.out	0.000203	38	1185407	Defluviitaleaceae
ERR3450296.kaiju.out	0.000198	37	126	Planctomycetaceae
ERR3450296.kaiju.out	0.000198	37	2813951	Terasakiellaceae
ERR3450296.kaiju.out	0.000193	36	2008795	Azonexaceae
ERR3450296.kaiju.out	0.000182	34	200667	Flammeovirgaceae
ERR3450296.kaiju.out	0.000182	34	213116	Desulfomicrobiaceae
ERR3450296.kaiju.out	0.000177	33	255527	Saccharospirillaceae
ERR3450296.kaiju.out	0.000166	31	31	Myxococcaceae
ERR3450296.kaiju.out	0.000166	31	92713	Parachlamydiaceae
ERR3450296.kaiju.out	0.000166	31	224380	Desulfonatronaceae
ERR3450296.kaiju.out	0.000160	30	2004	Streptosporangiaceae
ERR3450296.kaiju.out	0.000160	30	85030	Geodermatophilaceae
ERR3450296.kaiju.out	0.000150	28	1771359	Thorselliaceae
ERR3450296.kaiju.out	0.000139	26	1643949	Petrotogaceae
ERR3450296.kaiju.out	0.000134	25	85034	Glycomycetaceae
ERR3450296.kaiju.out	0.000128	24	1162	Nostocaceae
ERR3450296.kaiju.out	0.000128	24	118882	Brucellaceae
ERR3450296.kaiju.out	0.000128	24	1442156	Ferrovaceae
ERR3450296.kaiju.out	0.000128	24	1890448	Spirulinaceae
ERR3450296.kaiju.out	0.000112	21	267892	Ferrimonadaceae
ERR3450296.kaiju.out	0.000112	21	715221	Caldicoprobacteraceae
ERR3450296.kaiju.out	0.000107	20	332161	Solibacteraceae
ERR3450296.kaiju.out	0.000107	20	1524216	Labilitrichaceae
ERR3450296.kaiju.out	0.000107	20	2771471	Thiovulaceae
ERR3450296.kaiju.out	0.000096	18	541019	Gracilibacteraceae
ERR3450296.kaiju.out	0.000091	17	39782	Blattabacteriaceae
ERR3450296.kaiju.out	0.000091	17	224372	Alcanivoracaceae
ERR3450296.kaiju.out	0.000091	17	1890438	Leptolyngbyaceae
ERR3450296.kaiju.out	0.000086	16	213468	Syntrophaceae
ERR3450296.kaiju.out	0.000086	16	1573805	Marinifilaceae
ERR3450296.kaiju.out	0.000086	16	1643950	Fervidobacteriaceae
ERR3450296.kaiju.out	0.000080	15	34064	Francisellaceae
ERR3450296.kaiju.out	0.000080	15	145360	Sanguibacteraceae
ERR3450296.kaiju.out	0.000080	15	267894	Psychromonadaceae
ERR3450296.kaiju.out	0.000080	15	2691357	Pirellulaceae
ERR3450296.kaiju.out	0.000075	14	85019	Brevibacteriaceae
ERR3450296.kaiju.out	0.000075	14	188709	Thermotogaceae
ERR3450296.kaiju.out	0.000075	14	407032	Nitrospinaceae
ERR3450296.kaiju.out	0.000075	14	539003	Bacillales Family X. Incertae Sedis
ERR3450296.kaiju.out	0.000075	14	1077264	Chthonomonadaceae
ERR3450296.kaiju.out	0.000075	14	1813606	Balneolaceae
ERR3450296.kaiju.out	0.000070	13	203488	Dictyoglomaceae
ERR3450296.kaiju.out	0.000070	13	224463	Nannocystaceae
ERR3450296.kaiju.out	0.000070	13	1127830	Candidatus Brocadiaceae
ERR3450296.kaiju.out	0.000070	13	1892251	Coleofasciculaceae
ERR3450296.kaiju.out	0.000064	12	2012	Thermomonosporaceae
ERR3450296.kaiju.out	0.000064	12	84997	Rubrobacteraceae
ERR3450296.kaiju.out	0.000064	12	203557	Verrucomicrobiaceae
ERR3450296.kaiju.out	0.000064	12	213465	Syntrophobacteraceae
ERR3450296.kaiju.out	0.000064	12	255526	Halothiobacillaceae
ERR3450296.kaiju.out	0.000064	12	485255	Natranaerobiaceae
ERR3450296.kaiju.out	0.000064	12	1892254	Oscillatoriaceae
ERR3450296.kaiju.out	0.000064	12	2211325	Vicinamibacteraceae
ERR3450296.kaiju.out	0.000064	12	2726069	Kribbellaceae
ERR3450296.kaiju.out	0.000064	12	2762286	Fulvivirgaceae
ERR3450296.kaiju.out	0.000059	11	188786	Thermaceae
ERR3450296.kaiju.out	0.000059	11	1763524	Isosphaeraceae
ERR3450296.kaiju.out	0.000059	11	1783343	Endomicrobiaceae
ERR3450296.kaiju.out	0.000059	11	1853234	Persicobacteraceae
ERR3450296.kaiju.out	0.000059	11	1920240	Kangiellaceae
ERR3450296.kaiju.out	0.000059	11	2771472	Sulfurovaceae
ERR3450296.kaiju.out	0.000053	10	1182	Scytonemataceae
ERR3450296.kaiju.out	0.000053	10	2236	Halobacteriaceae
ERR3450296.kaiju.out	0.000053	10	74712	Frankiaceae
ERR3450296.kaiju.out	0.000053	10	83676	Nocardiopsaceae
ERR3450296.kaiju.out	0.000053	10	189773	Herpetosiphonaceae
ERR3450296.kaiju.out	0.000053	10	566277	Lentisphaeraceae
ERR3450296.kaiju.out	0.000048	9	213421	Desulfuromonadaceae
ERR3450296.kaiju.out	0.000048	9	742031	Salinisphaeraceae
ERR3450296.kaiju.out	0.000048	9	1491775	Proteinivoraceae
ERR3450296.kaiju.out	0.000048	9	1937960	Lewinellaceae
ERR3450296.kaiju.out	0.000048	9	1937962	Microscillaceae
ERR3450296.kaiju.out	0.000043	8	39	Archangiaceae
ERR3450296.kaiju.out	0.000043	8	942	Anaplasmataceae
ERR3450296.kaiju.out	0.000043	8	45404	Beijerinckiaceae
ERR3450296.kaiju.out	0.000043	8	134621	Verrucomicrobia subdivision 3
ERR3450296.kaiju.out	0.000043	8	189770	Chrysiogenaceae
ERR3450296.kaiju.out	0.000043	8	224467	Nautiliaceae
ERR3450296.kaiju.out	0.000043	8	225058	Acidithiobacillaceae
ERR3450296.kaiju.out	0.000043	8	453228	Desulfarculaceae
ERR3450296.kaiju.out	0.000043	8	574976	Holophagaceae
ERR3450296.kaiju.out	0.000043	8	1643948	Kosmotogaceae
ERR3450296.kaiju.out	0.000043	8	1840213	Lentimicrobiaceae
ERR3450296.kaiju.out	0.000043	8	1890464	Chroococcaceae
ERR3450296.kaiju.out	0.000043	8	2138247	Coprothermobacteraceae
ERR3450296.kaiju.out	0.000043	8	2762306	Roseivirgaceae
ERR3450296.kaiju.out	0.000043	8	2812024	Syntrophotaleaceae
ERR3450296.kaiju.out	0.000037	7	2259	Thermococcaceae
ERR3450296.kaiju.out	0.000037	7	64898	Aquificaceae
ERR3450296.kaiju.out	0.000037	7	84994	Acidimicrobiaceae
ERR3450296.kaiju.out	0.000037	7	85031	Nakamurellaceae
ERR3450296.kaiju.out	0.000037	7	227387	Thermodesulfobiaceae
ERR3450296.kaiju.out	0.000037	7	1644056	Haloferacaceae
ERR3450296.kaiju.out	0.000037	7	1890500	Hyellaceae
ERR3450296.kaiju.out	0.000032	6	49	Polyangiaceae
ERR3450296.kaiju.out	0.000032	6	2183	Methanococcaceae
ERR3450296.kaiju.out	0.000032	6	88404	Methanocorpusculaceae
ERR3450296.kaiju.out	0.000032	6	224027	Hydrogenothermaceae
ERR3450296.kaiju.out	0.000032	6	563843	Rhodothermaceae
ERR3450296.kaiju.out	0.000032	6	1522127	Catalimonadaceae
ERR3450296.kaiju.out	0.000032	6	1676141	Wenzhouxiangellaceae
ERR3450296.kaiju.out	0.000032	6	1676650	Limnochordaceae
ERR3450296.kaiju.out	0.000032	6	1890436	Pseudanabaenaceae
ERR3450296.kaiju.out	0.000032	6	1890450	Aphanothecaceae
ERR3450296.kaiju.out	0.000032	6	2048906	Pyrinomonadaceae
ERR3450296.kaiju.out	0.000032	6	2152899	Candidatus Fermentibacteraceae
ERR3450296.kaiju.out	0.000027	5	85018	Dermatophilaceae
ERR3450296.kaiju.out	0.000027	5	89377	Crenotrichaceae
ERR3450296.kaiju.out	0.000027	5	219687	Gemmatimonadaceae
ERR3450296.kaiju.out	0.000027	5	320583	Conexibacteraceae
ERR3450296.kaiju.out	0.000027	5	320599	Solirubrobacteraceae
ERR3450296.kaiju.out	0.000027	5	471823	Haloplasmataceae
ERR3450296.kaiju.out	0.000027	5	543349	Symbiobacteriaceae
ERR3450296.kaiju.out	0.000027	5	558314	Desulfurobacteriaceae
ERR3450296.kaiju.out	0.000027	5	1191479	Magnetococcaceae
ERR3450296.kaiju.out	0.000027	5	1331809	Kordiimonadaceae
ERR3450296.kaiju.out	0.000027	5	1644061	Natrialbaceae
ERR3450296.kaiju.out	0.000027	5	1890428	Merismopediaceae
ERR3450296.kaiju.out	0.000027	5	1892263	Hapalosiphonaceae
ERR3450296.kaiju.out	0.000027	5	1937968	Bernardetiaceae
ERR3450296.kaiju.out	0.000027	5	1963271	Halorubraceae
ERR3450296.kaiju.out	0.000027	5	2303730	Prochlorotrichaceae
ERR3450296.kaiju.out	0.000027	5	2762302	Reichenbachiellaceae
ERR3450296.kaiju.out	0.000021	4	1213	Prochloraceae
ERR3450296.kaiju.out	0.000021	4	2232	Archaeoglobaceae
ERR3450296.kaiju.out	0.000021	4	196117	Methanocaldococcaceae
ERR3450296.kaiju.out	0.000021	4	263369	Bacteriovoracaceae
ERR3450296.kaiju.out	0.000021	4	316606	Segniliparaceae
ERR3450296.kaiju.out	0.000021	4	513556	Syntrophorhabdaceae
ERR3450296.kaiju.out	0.000021	4	539000	Clostridiales Family XVII. Incertae Sedis
ERR3450296.kaiju.out	0.000021	4	641876	Elusimicrobiaceae
ERR3450296.kaiju.out	0.000021	4	1266054	Algiphilaceae
ERR3450296.kaiju.out	0.000021	4	1333713	Schleiferiaceae
ERR3450296.kaiju.out	0.000021	4	1652132	Halobacteriovoraceae
ERR3450296.kaiju.out	0.000021	4	1914233	Gemmataceae
ERR3450296.kaiju.out	0.000021	4	1963268	Haloarculaceae
ERR3450296.kaiju.out	0.000021	4	1969992	Desertifilaceae
ERR3450296.kaiju.out	0.000021	4	2038695	Williamwhitmaniaceae
ERR3450296.kaiju.out	0.000021	4	2066434	Geminicoccaceae
ERR3450296.kaiju.out	0.000021	4	2690158	Anaerohalosphaeraceae
ERR3450296.kaiju.out	0.000021	4	2762301	Marivirgaceae
ERR3450296.kaiju.out	0.000021	4	2772226	Sulfuricellaceae
ERR3450296.kaiju.out	0.000021	4	2811504	Thermodesulfovibrionaceae
ERR3450296.kaiju.out	0.000016	3	1106	Chloroflexaceae
ERR3450296.kaiju.out	0.000016	3	83778	Kineosporiaceae
ERR3450296.kaiju.out	0.000016	3	85029	Dietziaceae
ERR3450296.kaiju.out	0.000016	3	89374	Saprospiraceae
ERR3450296.kaiju.out	0.000016	3	125316	Beutenbergiaceae
ERR3450296.kaiju.out	0.000016	3	213483	Bdellovibrionaceae
ERR3450296.kaiju.out	0.000016	3	255474	Parvularculaceae
ERR3450296.kaiju.out	0.000016	3	388449	Ktedonobacteraceae
ERR3450296.kaiju.out	0.000016	3	415002	Puniceicoccaceae
ERR3450296.kaiju.out	0.000016	3	475964	Caldilineaceae
ERR3450296.kaiju.out	0.000016	3	1033997	Nitrososphaeraceae
ERR3450296.kaiju.out	0.000016	3	1198451	Methanoregulaceae
ERR3450296.kaiju.out	0.000016	3	1334117	Melioribacteraceae
ERR3450296.kaiju.out	0.000016	3	1524215	Anaeromyxobacteraceae
ERR3450296.kaiju.out	0.000016	3	1655514	Pelagibacteraceae
ERR3450296.kaiju.out	0.000016	3	1706374	Porticoccaceae
ERR3450296.kaiju.out	0.000016	3	1860138	Chitinispirillaceae
ERR3450296.kaiju.out	0.000016	3	1890497	Hydrococcaceae
ERR3450296.kaiju.out	0.000016	3	1962854	Calditrichaceae
ERR3450296.kaiju.out	0.000016	3	1970190	Salinivirgaceae
ERR3450296.kaiju.out	0.000016	3	2689614	Steroidobacteraceae
ERR3450296.kaiju.out	0.000016	3	2762317	Thermoflexibacteraceae
ERR3450296.kaiju.out	0.000016	3	2805590	Ornithinimicrobiaceae
ERR3450296.kaiju.out	0.000011	2	1189	Stigonemataceae
ERR3450296.kaiju.out	0.000011	2	85002	Sphaerobacteraceae
ERR3450296.kaiju.out	0.000011	2	85028	Tsukamurellaceae
ERR3450296.kaiju.out	0.000011	2	92712	Simkaniaceae
ERR3450296.kaiju.out	0.000011	2	117942	Desulfurellaceae
ERR3450296.kaiju.out	0.000011	2	119043	Rhodobiaceae
ERR3450296.kaiju.out	0.000011	2	145357	Dermacoccaceae
ERR3450296.kaiju.out	0.000011	2	224464	Kofleriaceae
ERR3450296.kaiju.out	0.000011	2	320796	Thermoleophilaceae
ERR3450296.kaiju.out	0.000011	2	338190	Nitrosopumilaceae
ERR3450296.kaiju.out	0.000011	2	580372	Mariprofundaceae
ERR3450296.kaiju.out	0.000011	2	717964	Methylacidiphilaceae
ERR3450296.kaiju.out	0.000011	2	1100104	Brevinemataceae
ERR3450296.kaiju.out	0.000011	2	1331736	Ruaniaceae
ERR3450296.kaiju.out	0.000011	2	1382930	Ardenticatenaceae
ERR3450296.kaiju.out	0.000011	2	1460864	Methanocalculaceae
ERR3450296.kaiju.out	0.000011	2	1508635	Roseiflexaceae
ERR3450296.kaiju.out	0.000011	2	1663426	Fimbriimonadaceae
ERR3450296.kaiju.out	0.000011	2	1769745	Pseudobacteriovoracaceae
ERR3450296.kaiju.out	0.000011	2	1798913	Microthrixaceae
ERR3450296.kaiju.out	0.000011	2	1853230	Crocinitomicaceae
ERR3450296.kaiju.out	0.000011	2	1853233	Thermonemataceae
ERR3450296.kaiju.out	0.000011	2	1890429	Acaryochloridaceae
ERR3450296.kaiju.out	0.000011	2	1890431	Chamaesiphonaceae
ERR3450296.kaiju.out	0.000011	2	1892259	Aphanizomenonaceae
ERR3450296.kaiju.out	0.000011	2	2517203	Candidatus Methanomethylophilaceae
ERR3450296.kaiju.out	0.000011	2	2562242	Thermoanaerobaculaceae
ERR3450296.kaiju.out	0.000011	2	2661849	Calotrichaceae
ERR3450296.kaiju.out	0.000011	2	2762284	Flexibacteraceae
ERR3450296.kaiju.out	0.000011	2	2762316	Terrimicrobiaceae
ERR3450296.kaiju.out	0.000011	2	2813035	Parvibaculaceae
ERR3450296.kaiju.out	0.000005	1	775	Rickettsiaceae
ERR3450296.kaiju.out	0.000005	1	1185	Rivulariaceae
ERR3450296.kaiju.out	0.000005	1	2267	Thermoproteaceae
ERR3450296.kaiju.out	0.000005	1	85022	Jonesiaceae
ERR3450296.kaiju.out	0.000005	1	90627	Gallionellaceae
ERR3450296.kaiju.out	0.000005	1	114378	Thermofilaceae
ERR3450296.kaiju.out	0.000005	1	118883	Sulfolobaceae
ERR3450296.kaiju.out	0.000005	1	119859	Tolypothrichaceae
ERR3450296.kaiju.out	0.000005	1	183713	Methanopyraceae
ERR3450296.kaiju.out	0.000005	1	189777	Thermomicrobiaceae
ERR3450296.kaiju.out	0.000005	1	292630	Hydrogenimonaceae
ERR3450296.kaiju.out	0.000005	1	332247	Trueperaceae
ERR3450296.kaiju.out	0.000005	1	414877	Catenulisporaceae
ERR3450296.kaiju.out	0.000005	1	622451	Actinopolysporaceae
ERR3450296.kaiju.out	0.000005	1	666507	Phycisphaeraceae
ERR3450296.kaiju.out	0.000005	1	693073	Caldisericaceae
ERR3450296.kaiju.out	0.000005	1	768668	Thermogemmatisporaceae
ERR3450296.kaiju.out	0.000005	1	795749	Ignavibacteriaceae
ERR3450296.kaiju.out	0.000005	1	1055686	Sandaracinaceae
ERR3450296.kaiju.out	0.000005	1	1217100	Jiangellaceae
ERR3450296.kaiju.out	0.000005	1	1400857	Candidatus Competibacteraceae
ERR3450296.kaiju.out	0.000005	1	1486721	Methylothermaceae
ERR3450296.kaiju.out	0.000005	1	1524213	Vulgatibacteraceae
ERR3450296.kaiju.out	0.000005	1	1738654	Woeseiaceae
ERR3450296.kaiju.out	0.000005	1	1769717	Mesoaciditogaceae
ERR3450296.kaiju.out	0.000005	1	1836792	Chthoniobacteraceae
ERR3450296.kaiju.out	0.000005	1	1868322	Candidatus Thermochlorobacteriaceae
ERR3450296.kaiju.out	0.000005	1	1890422	Gloeobacteraceae
ERR3450296.kaiju.out	0.000005	1	1890498	Dermocarpellaceae
ERR3450296.kaiju.out	0.000005	1	1890499	Xenococcaceae
ERR3450296.kaiju.out	0.000005	1	1890528	Chroococcidiopsidaceae
ERR3450296.kaiju.out	0.000005	1	1892264	Fortieaceae
ERR3450296.kaiju.out	0.000005	1	1902584	Candidatus Desulfofervidaceae
ERR3450296.kaiju.out	0.000005	1	1963270	Halococcaceae
ERR3450296.kaiju.out	0.000005	1	2008793	Sterolibacteriaceae
ERR3450296.kaiju.out	0.000005	1	2024974	Silvanigrellaceae
ERR3450296.kaiju.out	0.000005	1	2036754	Chelatococcaceae
ERR3450296.kaiju.out	0.000005	1	2100208	Caedimonadaceae
ERR3450296.kaiju.out	0.000005	1	2137278	Salinarimonadaceae
ERR3450296.kaiju.out	0.000005	1	2448023	Ilumatobacteraceae
ERR3450296.kaiju.out	0.000005	1	2690195	Elioraeaceae
ERR3450296.kaiju.out	0.000005	1	2762276	Cesiribacteraceae
ERR3450296.kaiju.out	0.000005	1	2795691	Nitratiruptoraceae
ERR3450296.kaiju.out	0.000005	1	2800062	Robiginitomaculaceae
ERR3450296.kaiju.out	0.000005	1	2805426	Kytococcaceae
ERR3450296.kaiju.out	0.945415	176716	10239	Viruses
ERR3450296.kaiju.out	7.660354	1431866	NA	cannot be assigned to a (non-viral) family
ERR3450296.kaiju.out	18.836974	3520989	NA	unclassified
file	percent	reads	taxon_id	taxon_name
ERR3450606.kaiju.out	17.864626	4585890	541000	Ruminococcaceae
ERR3450606.kaiju.out	12.849325	3298451	186803	Lachnospiraceae
ERR3450606.kaiju.out	8.633908	2216344	815	Bacteroidaceae
ERR3450606.kaiju.out	7.115375	1826533	31979	Clostridiaceae
ERR3450606.kaiju.out	2.510340	644410	171550	Rikenellaceae
ERR3450606.kaiju.out	1.614583	414467	31977	Veillonellaceae
ERR3450606.kaiju.out	1.368601	351323	171552	Prevotellaceae
ERR3450606.kaiju.out	1.216316	312231	186806	Eubacteriaceae
ERR3450606.kaiju.out	0.985021	252857	2005525	Tannerellaceae
ERR3450606.kaiju.out	0.867137	222596	216572	Oscillospiraceae
ERR3450606.kaiju.out	0.867129	222594	2005519	Barnesiellaceae
ERR3450606.kaiju.out	0.810472	208050	84107	Coriobacteriaceae
ERR3450606.kaiju.out	0.609215	156387	2159	Methanobacteriaceae
ERR3450606.kaiju.out	0.576637	148024	1643826	Eggerthellaceae
ERR3450606.kaiju.out	0.211619	54323	128827	Erysipelotrichaceae
ERR3450606.kaiju.out	0.170030	43647	1853231	Odoribacteraceae
ERR3450606.kaiju.out	0.158304	40637	194924	Desulfovibrionaceae
ERR3450606.kaiju.out	0.137061	35184	31953	Bifidobacteriaceae
ERR3450606.kaiju.out	0.118628	30452	990719	Christensenellaceae
ERR3450606.kaiju.out	0.074035	19005	909930	Acidaminococcaceae
ERR3450606.kaiju.out	0.071741	18416	186817	Bacillaceae
ERR3450606.kaiju.out	0.067062	17215	1647988	Akkermansiaceae
ERR3450606.kaiju.out	0.064795	16633	186822	Paenibacillaceae
ERR3450606.kaiju.out	0.056283	14448	1843491	Selenomonadaceae
ERR3450606.kaiju.out	0.054885	14089	2304686	Hungateiclostridiaceae
ERR3450606.kaiju.out	0.054472	13983	543314	Clostridiales Family XIII. Incertae Sedis
ERR3450606.kaiju.out	0.051297	13168	1643824	Atopobiaceae
ERR3450606.kaiju.out	0.050818	13045	186804	Peptostreptococcaceae
ERR3450606.kaiju.out	0.045664	11722	171551	Porphyromonadaceae
ERR3450606.kaiju.out	0.041772	10723	186807	Peptococcaceae
ERR3450606.kaiju.out	0.041348	10614	137	Spirochaetaceae
ERR3450606.kaiju.out	0.036910	9475	1300	Streptococcaceae
ERR3450606.kaiju.out	0.036124	9273	49546	Flavobacteriaceae
ERR3450606.kaiju.out	0.035095	9009	1570339	Peptoniphilaceae
ERR3450606.kaiju.out	0.030498	7829	41295	Rhodospirillaceae
ERR3450606.kaiju.out	0.030459	7819	33958	Lactobacillaceae
ERR3450606.kaiju.out	0.029750	7637	2049	Actinomycetaceae
ERR3450606.kaiju.out	0.025586	6568	543	Enterobacteriaceae
ERR3450606.kaiju.out	0.025208	6471	2810280	Coprobacillaceae
ERR3450606.kaiju.out	0.022824	5859	2005520	Dysgonomonadaceae
ERR3450606.kaiju.out	0.020491	5260	31984	Heliobacteriaceae
ERR3450606.kaiju.out	0.016447	4222	81852	Enterococcaceae
ERR3450606.kaiju.out	0.014573	3741	84566	Sphingobacteriaceae
ERR3450606.kaiju.out	0.014001	3594	75682	Oxalobacteraceae
ERR3450606.kaiju.out	0.013759	3532	649777	Synergistaceae
ERR3450606.kaiju.out	0.011395	2925	2146	Acholeplasmataceae
ERR3450606.kaiju.out	0.011301	2901	2005473	Muribaculaceae
ERR3450606.kaiju.out	0.011297	2900	2092	Mycoplasmataceae
ERR3450606.kaiju.out	0.011009	2826	1843490	Sporomusaceae
ERR3450606.kaiju.out	0.009887	2538	186828	Carnobacteriaceae
ERR3450606.kaiju.out	0.009318	2392	292628	Anaerolineaceae
ERR3450606.kaiju.out	0.009127	2343	83763	Succinivibrionaceae
ERR3450606.kaiju.out	0.008823	2265	563835	Chitinophagaceae
ERR3450606.kaiju.out	0.008298	2130	203492	Fusobacteriaceae
ERR3450606.kaiju.out	0.008052	2067	433	Acetobacteraceae
ERR3450606.kaiju.out	0.008005	2055	558415	Marinilabiliaceae
ERR3450606.kaiju.out	0.007421	1905	1129771	Leptotrichiaceae
ERR3450606.kaiju.out	0.007141	1833	186820	Listeriaceae
ERR3450606.kaiju.out	0.006957	1786	186814	Thermoanaerobacteraceae
ERR3450606.kaiju.out	0.006957	1786	2762318	Weeksellaceae
ERR3450606.kaiju.out	0.006833	1754	204431	Fibrobacteraceae
ERR3450606.kaiju.out	0.005711	1466	31989	Rhodobacteraceae
ERR3450606.kaiju.out	0.005676	1457	89373	Cytophagaceae
ERR3450606.kaiju.out	0.005586	1434	68298	Syntrophomonadaceae
ERR3450606.kaiju.out	0.005571	1430	200667	Flammeovirgaceae
ERR3450606.kaiju.out	0.005434	1395	186827	Aerococcaceae
ERR3450606.kaiju.out	0.005220	1340	468	Moraxellaceae
ERR3450606.kaiju.out	0.005216	1339	2062	Streptomycetaceae
ERR3450606.kaiju.out	0.004951	1271	90964	Staphylococcaceae
ERR3450606.kaiju.out	0.004714	1210	1471398	Prolixibacteraceae
ERR3450606.kaiju.out	0.004679	1201	1653	Corynebacteriaceae
ERR3450606.kaiju.out	0.004663	1197	119060	Burkholderiaceae
ERR3450606.kaiju.out	0.004620	1186	82115	Rhizobiaceae
ERR3450606.kaiju.out	0.004379	1124	641	Vibrionaceae
ERR3450606.kaiju.out	0.004355	1118	85023	Microbacteriaceae
ERR3450606.kaiju.out	0.004258	1093	1737406	Tissierellaceae
ERR3450606.kaiju.out	0.004188	1075	186818	Planococcaceae
ERR3450606.kaiju.out	0.004079	1047	186823	Alicyclobacillaceae
ERR3450606.kaiju.out	0.003970	1019	72294	Campylobacteraceae
ERR3450606.kaiju.out	0.003872	994	543313	Clostridiales Family XII. Incertae Sedis
ERR3450606.kaiju.out	0.003798	975	563798	Cyclobacteriaceae
ERR3450606.kaiju.out	0.003763	966	712	Pasteurellaceae
ERR3450606.kaiju.out	0.003631	932	135621	Pseudomonadaceae
ERR3450606.kaiju.out	0.003561	914	995019	Sutterellaceae
ERR3450606.kaiju.out	0.003487	895	81850	Leuconostocaceae
ERR3450606.kaiju.out	0.003463	889	543371	Thermoanaerobacterales Family III. Incertae Sedis
ERR3450606.kaiju.out	0.003420	878	543347	Clostridiales Family XVI. Incertae Sedis
ERR3450606.kaiju.out	0.003370	865	1268	Micrococcaceae
ERR3450606.kaiju.out	0.003354	861	424536	Catabacteriaceae
ERR3450606.kaiju.out	0.003323	853	31957	Propionibacteriaceae
ERR3450606.kaiju.out	0.003152	809	213119	Desulfobacteraceae
ERR3450606.kaiju.out	0.003046	782	41297	Sphingomonadaceae
ERR3450606.kaiju.out	0.002953	758	1853232	Hymenobacteraceae
ERR3450606.kaiju.out	0.002883	740	2005523	Paludibacteraceae
ERR3450606.kaiju.out	0.002758	708	80864	Comamonadaceae
ERR3450606.kaiju.out	0.002739	703	2070	Pseudonocardiaceae
ERR3450606.kaiju.out	0.002602	668	481	Neisseriaceae
ERR3450606.kaiju.out	0.002497	641	186824	Thermoactinomycetaceae
ERR3450606.kaiju.out	0.002275	584	1202464	Dehalococcoidaceae
ERR3450606.kaiju.out	0.002259	580	972	Halanaerobiaceae
ERR3450606.kaiju.out	0.002232	573	213117	Desulfohalobiaceae
ERR3450606.kaiju.out	0.002096	538	444	Legionellaceae
ERR3450606.kaiju.out	0.002092	537	2770092	Tepidanaerobacteraceae
ERR3450606.kaiju.out	0.002069	531	213422	Geobacteraceae
ERR3450606.kaiju.out	0.002053	527	2042895	Gottschalkiaceae
ERR3450606.kaiju.out	0.002045	525	119045	Methylobacteriaceae
ERR3450606.kaiju.out	0.002002	514	41294	Bradyrhizobiaceae
ERR3450606.kaiju.out	0.001987	510	45401	Hyphomicrobiaceae
ERR3450606.kaiju.out	0.001967	505	543372	Thermoanaerobacterales Family IV. Incertae Sedis
ERR3450606.kaiju.out	0.001948	500	1762	Mycobacteriaceae
ERR3450606.kaiju.out	0.001862	478	53434	Halobacteroidaceae
ERR3450606.kaiju.out	0.001858	477	186821	Sporolactobacillaceae
ERR3450606.kaiju.out	0.001839	472	1853234	Persicobacteraceae
ERR3450606.kaiju.out	0.001811	465	72275	Alteromonadaceae
ERR3450606.kaiju.out	0.001769	454	2093822	Candidatus Nanosynbacteraceae
ERR3450606.kaiju.out	0.001765	453	2206	Methanosarcinaceae
ERR3450606.kaiju.out	0.001706	438	143786	Brachyspiraceae
ERR3450606.kaiju.out	0.001695	435	72293	Helicobacteraceae
ERR3450606.kaiju.out	0.001679	431	31	Myxococcaceae
ERR3450606.kaiju.out	0.001679	431	2770093	Thermosediminibacteraceae
ERR3450606.kaiju.out	0.001624	417	28256	Halomonadaceae
ERR3450606.kaiju.out	0.001605	412	1185407	Defluviitaleaceae
ERR3450606.kaiju.out	0.001562	401	69277	Phyllobacteriaceae
ERR3450606.kaiju.out	0.001554	399	2691357	Pirellulaceae
ERR3450606.kaiju.out	0.001473	378	206379	Nitrosomonadaceae
ERR3450606.kaiju.out	0.001465	376	135620	Oceanospirillaceae
ERR3450606.kaiju.out	0.001465	376	415002	Puniceicoccaceae
ERR3450606.kaiju.out	0.001457	374	267888	Pseudoalteromonadaceae
ERR3450606.kaiju.out	0.001449	372	1903414	Morganellaceae
ERR3450606.kaiju.out	0.001449	372	2810281	Turicibacteraceae
ERR3450606.kaiju.out	0.001418	364	32033	Xanthomonadaceae
ERR3450606.kaiju.out	0.001402	360	506	Alcaligenaceae
ERR3450606.kaiju.out	0.001387	356	213468	Syntrophaceae
ERR3450606.kaiju.out	0.001383	355	85025	Nocardiaceae
ERR3450606.kaiju.out	0.001379	354	715221	Caldicoprobacteraceae
ERR3450606.kaiju.out	0.001297	333	85016	Cellulomonadaceae
ERR3450606.kaiju.out	0.001250	321	28056	Micromonosporaceae
ERR3450606.kaiju.out	0.001219	313	204434	Acidobacteriaceae
ERR3450606.kaiju.out	0.001196	307	403	Methylococcaceae
ERR3450606.kaiju.out	0.001157	297	134623	Opitutaceae
ERR3450606.kaiju.out	0.001138	292	85015	Nocardioidaceae
ERR3450606.kaiju.out	0.001134	291	213421	Desulfuromonadaceae
ERR3450606.kaiju.out	0.001118	287	1903411	Yersiniaceae
ERR3450606.kaiju.out	0.001110	285	213121	Desulfobulbaceae
ERR3450606.kaiju.out	0.001095	281	76892	Caulobacteraceae
ERR3450606.kaiju.out	0.001067	274	1046	Chromatiaceae
ERR3450606.kaiju.out	0.001048	269	85030	Geodermatophilaceae
ERR3450606.kaiju.out	0.001048	269	1903409	Erwiniaceae
ERR3450606.kaiju.out	0.001040	267	2194	Methanomicrobiaceae
ERR3450606.kaiju.out	0.001021	262	183710	Deinococcaceae
ERR3450606.kaiju.out	0.001017	261	72276	Ectothiorhodospiraceae
ERR3450606.kaiju.out	0.001009	259	85021	Intrasporangiaceae
ERR3450606.kaiju.out	0.001001	257	1643949	Petrotogaceae
ERR3450606.kaiju.out	0.000986	253	84642	Aeromonadaceae
ERR3450606.kaiju.out	0.000982	252	1890426	Synechococcaceae
ERR3450606.kaiju.out	0.000958	246	191412	Chlorobiaceae
ERR3450606.kaiju.out	0.000954	245	1491775	Proteinivoraceae
ERR3450606.kaiju.out	0.000935	240	170	Leptospiraceae
ERR3450606.kaiju.out	0.000927	238	213116	Desulfomicrobiaceae
ERR3450606.kaiju.out	0.000923	237	189779	Nitrospiraceae
ERR3450606.kaiju.out	0.000923	237	1499392	Chromobacteriaceae
ERR3450606.kaiju.out	0.000915	235	1775411	Rhodanobacteraceae
ERR3450606.kaiju.out	0.000834	214	85017	Promicromonosporaceae
ERR3450606.kaiju.out	0.000802	206	2004	Streptosporangiaceae
ERR3450606.kaiju.out	0.000787	202	2259	Thermococcaceae
ERR3450606.kaiju.out	0.000787	202	188711	Thermodesulfobacteriaceae
ERR3450606.kaiju.out	0.000787	202	1706371	Cellvibrionaceae
ERR3450606.kaiju.out	0.000760	195	126	Planctomycetaceae
ERR3450606.kaiju.out	0.000721	185	191394	Deferribacteraceae
ERR3450606.kaiju.out	0.000721	185	267890	Shewanellaceae
ERR3450606.kaiju.out	0.000713	183	1643950	Fervidobacteriaceae
ERR3450606.kaiju.out	0.000670	172	539000	Clostridiales Family XVII. Incertae Sedis
ERR3450606.kaiju.out	0.000670	172	1240483	Orbaceae
ERR3450606.kaiju.out	0.000662	170	541019	Gracilibacteraceae
ERR3450606.kaiju.out	0.000658	169	39	Archangiaceae
ERR3450606.kaiju.out	0.000658	169	135616	Piscirickettsiaceae
ERR3450606.kaiju.out	0.000651	167	255475	Aurantimonadaceae
ERR3450606.kaiju.out	0.000651	167	267893	Idiomarinaceae
ERR3450606.kaiju.out	0.000647	166	1903410	Pectobacteriaceae
ERR3450606.kaiju.out	0.000639	164	188786	Thermaceae
ERR3450606.kaiju.out	0.000635	163	203557	Verrucomicrobiaceae
ERR3450606.kaiju.out	0.000627	161	267889	Colwelliaceae
ERR3450606.kaiju.out	0.000612	157	1162	Nostocaceae
ERR3450606.kaiju.out	0.000608	156	188709	Thermotogaceae
ERR3450606.kaiju.out	0.000588	151	2771471	Thiovulaceae
ERR3450606.kaiju.out	0.000580	149	1042322	Demequinaceae
ERR3450606.kaiju.out	0.000577	148	388449	Ktedonobacteraceae
ERR3450606.kaiju.out	0.000569	146	1577788	Methanomassiliicoccaceae
ERR3450606.kaiju.out	0.000534	137	563843	Rhodothermaceae
ERR3450606.kaiju.out	0.000534	137	1937960	Lewinellaceae
ERR3450606.kaiju.out	0.000518	133	134621	Verrucomicrobia subdivision 3
ERR3450606.kaiju.out	0.000518	133	1643948	Kosmotogaceae
ERR3450606.kaiju.out	0.000514	132	85019	Brevibacteriaceae
ERR3450606.kaiju.out	0.000514	132	1937961	Haliscomenobacteraceae
ERR3450606.kaiju.out	0.000510	131	83676	Nocardiopsaceae
ERR3450606.kaiju.out	0.000510	131	267891	Moritellaceae
ERR3450606.kaiju.out	0.000499	128	1573805	Marinifilaceae
ERR3450606.kaiju.out	0.000495	127	1853230	Crocinitomicaceae
ERR3450606.kaiju.out	0.000495	127	2800061	Maricaulaceae
ERR3450606.kaiju.out	0.000487	125	1840213	Lentimicrobiaceae
ERR3450606.kaiju.out	0.000479	123	2012	Thermomonosporaceae
ERR3450606.kaiju.out	0.000471	121	135617	Thiotrichaceae
ERR3450606.kaiju.out	0.000464	119	1892252	Microcoleaceae
ERR3450606.kaiju.out	0.000464	119	2762302	Reichenbachiellaceae
ERR3450606.kaiju.out	0.000456	117	1813606	Balneolaceae
ERR3450606.kaiju.out	0.000448	115	335929	Erythrobacteraceae
ERR3450606.kaiju.out	0.000444	114	1890438	Leptolyngbyaceae
ERR3450606.kaiju.out	0.000440	113	213465	Syntrophobacteraceae
ERR3450606.kaiju.out	0.000436	112	1892254	Oscillatoriaceae
ERR3450606.kaiju.out	0.000432	111	543349	Symbiobacteriaceae
ERR3450606.kaiju.out	0.000432	111	1127830	Candidatus Brocadiaceae
ERR3450606.kaiju.out	0.000429	110	224372	Alcanivoracaceae
ERR3450606.kaiju.out	0.000421	108	2762286	Fulvivirgaceae
ERR3450606.kaiju.out	0.000409	105	74712	Frankiaceae
ERR3450606.kaiju.out	0.000405	104	2812024	Syntrophotaleaceae
ERR3450606.kaiju.out	0.000397	102	2131	Spiroplasmataceae
ERR3450606.kaiju.out	0.000397	102	471823	Haloplasmataceae
ERR3450606.kaiju.out	0.000397	102	539003	Bacillales Family X. Incertae Sedis
ERR3450606.kaiju.out	0.000393	101	39782	Blattabacteriaceae
ERR3450606.kaiju.out	0.000390	100	641876	Elusimicrobiaceae
ERR3450606.kaiju.out	0.000386	99	69657	Hyphomonadaceae
ERR3450606.kaiju.out	0.000386	99	1706375	Spongiibacteraceae
ERR3450606.kaiju.out	0.000378	97	75787	Rhodocyclaceae
ERR3450606.kaiju.out	0.000366	94	224027	Hydrogenothermaceae
ERR3450606.kaiju.out	0.000366	94	1676650	Limnochordaceae
ERR3450606.kaiju.out	0.000366	94	1914233	Gemmataceae
ERR3450606.kaiju.out	0.000362	93	203488	Dictyoglomaceae
ERR3450606.kaiju.out	0.000358	92	1106	Chloroflexaceae
ERR3450606.kaiju.out	0.000358	92	453228	Desulfarculaceae
ERR3450606.kaiju.out	0.000358	92	1890450	Aphanothecaceae
ERR3450606.kaiju.out	0.000347	89	768668	Thermogemmatisporaceae
ERR3450606.kaiju.out	0.000347	89	1937968	Bernardetiaceae
ERR3450606.kaiju.out	0.000343	88	117942	Desulfurellaceae
ERR3450606.kaiju.out	0.000335	86	88404	Methanocorpusculaceae
ERR3450606.kaiju.out	0.000327	84	32011	Methylophilaceae
ERR3450606.kaiju.out	0.000327	84	566277	Lentisphaeraceae
ERR3450606.kaiju.out	0.000327	84	666507	Phycisphaeraceae
ERR3450606.kaiju.out	0.000323	83	2048906	Pyrinomonadaceae
ERR3450606.kaiju.out	0.000312	80	267894	Psychromonadaceae
ERR3450606.kaiju.out	0.000312	80	1963268	Haloarculaceae
ERR3450606.kaiju.out	0.000304	78	2183	Methanococcaceae
ERR3450606.kaiju.out	0.000304	78	92713	Parachlamydiaceae
ERR3450606.kaiju.out	0.000304	78	1055686	Sandaracinaceae
ERR3450606.kaiju.out	0.000296	76	85020	Dermabacteraceae
ERR3450606.kaiju.out	0.000296	76	219687	Gemmatimonadaceae
ERR3450606.kaiju.out	0.000292	75	49	Polyangiaceae
ERR3450606.kaiju.out	0.000292	75	213483	Bdellovibrionaceae
ERR3450606.kaiju.out	0.000284	73	85026	Gordoniaceae
ERR3450606.kaiju.out	0.000284	73	1890436	Pseudanabaenaceae
ERR3450606.kaiju.out	0.000284	73	1937962	Microscillaceae
ERR3450606.kaiju.out	0.000284	73	2038695	Williamwhitmaniaceae
ERR3450606.kaiju.out	0.000280	72	2483367	Sedimentisphaeraceae
ERR3450606.kaiju.out	0.000277	71	335928	Xanthobacteraceae
ERR3450606.kaiju.out	0.000277	71	558314	Desulfurobacteriaceae
ERR3450606.kaiju.out	0.000277	71	1663426	Fimbriimonadaceae
ERR3450606.kaiju.out	0.000277	71	2762301	Marivirgaceae
ERR3450606.kaiju.out	0.000273	70	145360	Sanguibacteraceae
ERR3450606.kaiju.out	0.000269	69	485255	Natranaerobiaceae
ERR3450606.kaiju.out	0.000265	68	1890422	Gloeobacteraceae
ERR3450606.kaiju.out	0.000261	67	1892251	Coleofasciculaceae
ERR3450606.kaiju.out	0.000253	65	85018	Dermatophilaceae
ERR3450606.kaiju.out	0.000253	65	2008794	Zoogloeaceae
ERR3450606.kaiju.out	0.000245	63	64898	Aquificaceae
ERR3450606.kaiju.out	0.000245	63	1331736	Ruaniaceae
ERR3450606.kaiju.out	0.000245	63	2762306	Roseivirgaceae
ERR3450606.kaiju.out	0.000242	62	224463	Nannocystaceae
ERR3450606.kaiju.out	0.000234	60	772	Bartonellaceae
ERR3450606.kaiju.out	0.000234	60	1962854	Calditrichaceae
ERR3450606.kaiju.out	0.000234	60	2066474	Endozoicomonadaceae
ERR3450606.kaiju.out	0.000230	59	1524215	Anaeromyxobacteraceae
ERR3450606.kaiju.out	0.000226	58	1508635	Roseiflexaceae
ERR3450606.kaiju.out	0.000222	57	2661849	Calotrichaceae
ERR3450606.kaiju.out	0.000218	56	85034	Glycomycetaceae
ERR3450606.kaiju.out	0.000214	55	332161	Solibacteraceae
ERR3450606.kaiju.out	0.000214	55	2008793	Sterolibacteriaceae
ERR3450606.kaiju.out	0.000210	54	224380	Desulfonatronaceae
ERR3450606.kaiju.out	0.000210	54	2815910	Geminocystaceae
ERR3450606.kaiju.out	0.000206	53	1769717	Mesoaciditogaceae
ERR3450606.kaiju.out	0.000206	53	1903412	Hafniaceae
ERR3450606.kaiju.out	0.000206	53	2100208	Caedimonadaceae
ERR3450606.kaiju.out	0.000206	53	2811504	Thermodesulfovibrionaceae
ERR3450606.kaiju.out	0.000203	52	1486721	Methylothermaceae
ERR3450606.kaiju.out	0.000203	52	1706372	Halieaceae
ERR3450606.kaiju.out	0.000199	51	2008790	Thiobacillaceae
ERR3450606.kaiju.out	0.000195	50	84997	Rubrobacteraceae
ERR3450606.kaiju.out	0.000195	50	1522127	Catalimonadaceae
ERR3450606.kaiju.out	0.000195	50	2517203	Candidatus Methanomethylophilaceae
ERR3450606.kaiju.out	0.000191	49	84994	Acidimicrobiaceae
ERR3450606.kaiju.out	0.000191	49	1783343	Endomicrobiaceae
ERR3450606.kaiju.out	0.000187	48	1763524	Isosphaeraceae
ERR3450606.kaiju.out	0.000187	48	1890464	Chroococcaceae
ERR3450606.kaiju.out	0.000183	47	475964	Caldilineaceae
ERR3450606.kaiju.out	0.000179	46	2232	Archaeoglobaceae
ERR3450606.kaiju.out	0.000179	46	2303730	Prochlorotrichaceae
ERR3450606.kaiju.out	0.000175	45	942	Anaplasmataceae
ERR3450606.kaiju.out	0.000175	45	1706373	Microbulbiferaceae
ERR3450606.kaiju.out	0.000171	44	570265	Methanocellaceae
ERR3450606.kaiju.out	0.000171	44	1836792	Chthoniobacteraceae
ERR3450606.kaiju.out	0.000171	44	1853233	Thermonemataceae
ERR3450606.kaiju.out	0.000168	43	224379	Hahellaceae
ERR3450606.kaiju.out	0.000168	43	574976	Holophagaceae
ERR3450606.kaiju.out	0.000164	42	31993	Methylocystaceae
ERR3450606.kaiju.out	0.000164	42	34064	Francisellaceae
ERR3450606.kaiju.out	0.000164	42	596498	Nitriliruptoraceae
ERR3450606.kaiju.out	0.000164	42	1644056	Haloferacaceae
ERR3450606.kaiju.out	0.000164	42	1655514	Pelagibacteraceae
ERR3450606.kaiju.out	0.000164	42	1798913	Microthrixaceae
ERR3450606.kaiju.out	0.000160	41	1266054	Algiphilaceae
ERR3450606.kaiju.out	0.000160	41	2813035	Parvibaculaceae
ERR3450606.kaiju.out	0.000156	40	45404	Beijerinckiaceae
ERR3450606.kaiju.out	0.000156	40	1648490	Rubritaleaceae
ERR3450606.kaiju.out	0.000156	40	2771472	Sulfurovaceae
ERR3450606.kaiju.out	0.000152	39	1921783	Kiritimatiellaceae
ERR3450606.kaiju.out	0.000148	38	568386	Sinobacteraceae
ERR3450606.kaiju.out	0.000144	37	189770	Chrysiogenaceae
ERR3450606.kaiju.out	0.000144	37	224467	Nautiliaceae
ERR3450606.kaiju.out	0.000144	37	2762276	Cesiribacteraceae
ERR3450606.kaiju.out	0.000140	36	143067	Methanotrichaceae
ERR3450606.kaiju.out	0.000140	36	2762284	Flexibacteraceae
ERR3450606.kaiju.out	0.000140	36	2762316	Terrimicrobiaceae
ERR3450606.kaiju.out	0.000136	35	407032	Nitrospinaceae
ERR3450606.kaiju.out	0.000136	35	1217100	Jiangellaceae
ERR3450606.kaiju.out	0.000136	35	2138247	Coprothermobacteraceae
ERR3450606.kaiju.out	0.000132	34	1903416	Budviciaceae
ERR3450606.kaiju.out	0.000132	34	2813951	Terasakiellaceae
ERR3450606.kaiju.out	0.000129	33	809	Chlamydiaceae
ERR3450606.kaiju.out	0.000125	32	118968	Coxiellaceae
ERR3450606.kaiju.out	0.000125	32	145357	Dermacoccaceae
ERR3450606.kaiju.out	0.000125	32	320599	Solirubrobacteraceae
ERR3450606.kaiju.out	0.000125	32	1644061	Natrialbaceae
ERR3450606.kaiju.out	0.000125	32	1890429	Acaryochloridaceae
ERR3450606.kaiju.out	0.000125	32	1970190	Salinivirgaceae
ERR3450606.kaiju.out	0.000121	31	868	Cardiobacteriaceae
ERR3450606.kaiju.out	0.000121	31	85002	Sphaerobacteraceae
ERR3450606.kaiju.out	0.000121	31	225058	Acidithiobacillaceae
ERR3450606.kaiju.out	0.000121	31	267892	Ferrimonadaceae
ERR3450606.kaiju.out	0.000121	31	1333713	Schleiferiaceae
ERR3450606.kaiju.out	0.000121	31	1400857	Candidatus Competibacteraceae
ERR3450606.kaiju.out	0.000121	31	1524213	Vulgatibacteraceae
ERR3450606.kaiju.out	0.000117	30	1213	Prochloraceae
ERR3450606.kaiju.out	0.000117	30	255527	Saccharospirillaceae
ERR3450606.kaiju.out	0.000117	30	1077264	Chthonomonadaceae
ERR3450606.kaiju.out	0.000117	30	1860138	Chitinispirillaceae
ERR3450606.kaiju.out	0.000117	30	2008795	Azonexaceae
ERR3450606.kaiju.out	0.000113	29	2236	Halobacteriaceae
ERR3450606.kaiju.out	0.000113	29	2267	Thermoproteaceae
ERR3450606.kaiju.out	0.000113	29	85031	Nakamurellaceae
ERR3450606.kaiju.out	0.000113	29	693073	Caldisericaceae
ERR3450606.kaiju.out	0.000113	29	1191479	Magnetococcaceae
ERR3450606.kaiju.out	0.000113	29	1934946	Immundisolibacteraceae
ERR3450606.kaiju.out	0.000113	29	2805400	Actinopolymorphaceae
ERR3450606.kaiju.out	0.000109	28	513556	Syntrophorhabdaceae
ERR3450606.kaiju.out	0.000109	28	1892259	Aphanizomenonaceae
ERR3450606.kaiju.out	0.000105	27	89374	Saprospiraceae
ERR3450606.kaiju.out	0.000105	27	118882	Brucellaceae
ERR3450606.kaiju.out	0.000105	27	2211325	Vicinamibacteraceae
ERR3450606.kaiju.out	0.000101	26	1334117	Melioribacteraceae
ERR3450606.kaiju.out	0.000101	26	1382930	Ardenticatenaceae
ERR3450606.kaiju.out	0.000101	26	1920240	Kangiellaceae
ERR3450606.kaiju.out	0.000097	25	206349	Hydrogenophilaceae
ERR3450606.kaiju.out	0.000093	24	1198451	Methanoregulaceae
ERR3450606.kaiju.out	0.000093	24	1771359	Thorselliaceae
ERR3450606.kaiju.out	0.000093	24	1890448	Spirulinaceae
ERR3450606.kaiju.out	0.000093	24	1892263	Hapalosiphonaceae
ERR3450606.kaiju.out	0.000090	23	33925	Entomoplasmataceae
ERR3450606.kaiju.out	0.000090	23	83778	Kineosporiaceae
ERR3450606.kaiju.out	0.000090	23	246874	Cryomorphaceae
ERR3450606.kaiju.out	0.000090	23	1033997	Nitrososphaeraceae
ERR3450606.kaiju.out	0.000090	23	1442156	Ferrovaceae
ERR3450606.kaiju.out	0.000086	22	104174	Oscillochloridaceae
ERR3450606.kaiju.out	0.000086	22	655351	Cohaesibacteraceae
ERR3450606.kaiju.out	0.000086	22	1902584	Candidatus Desulfofervidaceae
ERR3450606.kaiju.out	0.000086	22	2152899	Candidatus Fermentibacteraceae
ERR3450606.kaiju.out	0.000086	22	2726069	Kribbellaceae
ERR3450606.kaiju.out	0.000082	21	1189	Stigonemataceae
ERR3450606.kaiju.out	0.000082	21	1392996	Candidatus Methanoperedenaceae
ERR3450606.kaiju.out	0.000078	20	1652132	Halobacteriovoraceae
ERR3450606.kaiju.out	0.000074	19	1100104	Brevinemataceae
ERR3450606.kaiju.out	0.000074	19	1505234	Chitinivibrionaceae
ERR3450606.kaiju.out	0.000070	18	227387	Thermodesulfobiaceae
ERR3450606.kaiju.out	0.000070	18	1962910	Bryobacteraceae
ERR3450606.kaiju.out	0.000070	18	2800062	Robiginitomaculaceae
ERR3450606.kaiju.out	0.000070	18	2805590	Ornithinimicrobiaceae
ERR3450606.kaiju.out	0.000066	17	775	Rickettsiaceae
ERR3450606.kaiju.out	0.000066	17	189777	Thermomicrobiaceae
ERR3450606.kaiju.out	0.000066	17	263369	Bacteriovoracaceae
ERR3450606.kaiju.out	0.000066	17	2562242	Thermoanaerobaculaceae
ERR3450606.kaiju.out	0.000062	16	2272	Desulfurococcaceae
ERR3450606.kaiju.out	0.000062	16	85022	Jonesiaceae
ERR3450606.kaiju.out	0.000062	16	320796	Thermoleophilaceae
ERR3450606.kaiju.out	0.000062	16	597359	Kiloniellaceae
ERR3450606.kaiju.out	0.000062	16	1501348	Amoebophilaceae
ERR3450606.kaiju.out	0.000062	16	1553902	Oligoflexaceae
ERR3450606.kaiju.out	0.000062	16	1777752	Candidatus Paracaedibacteraceae
ERR3450606.kaiju.out	0.000062	16	2690158	Anaerohalosphaeraceae
ERR3450606.kaiju.out	0.000058	15	189773	Herpetosiphonaceae
ERR3450606.kaiju.out	0.000058	15	196137	Methanospirillaceae
ERR3450606.kaiju.out	0.000058	15	332247	Trueperaceae
ERR3450606.kaiju.out	0.000058	15	1868322	Candidatus Thermochlorobacteriaceae
ERR3450606.kaiju.out	0.000058	15	1892255	Gomontiellaceae
ERR3450606.kaiju.out	0.000058	15	2056687	Fastidiosibacteraceae
ERR3450606.kaiju.out	0.000058	15	2805586	Lawsonellaceae
ERR3450606.kaiju.out	0.000055	14	196117	Methanocaldococcaceae
ERR3450606.kaiju.out	0.000055	14	225059	Thermithiobacillaceae
ERR3450606.kaiju.out	0.000055	14	622451	Actinopolysporaceae
ERR3450606.kaiju.out	0.000055	14	1890500	Hyellaceae
ERR3450606.kaiju.out	0.000055	14	2066434	Geminicoccaceae
ERR3450606.kaiju.out	0.000055	14	2212439	Thiolinaceae
ERR3450606.kaiju.out	0.000055	14	2762317	Thermoflexibacteraceae
ERR3450606.kaiju.out	0.000051	13	1182	Scytonemataceae
ERR3450606.kaiju.out	0.000051	13	2307	Pyrodictiaceae
ERR3450606.kaiju.out	0.000051	13	85028	Tsukamurellaceae
ERR3450606.kaiju.out	0.000051	13	89377	Crenotrichaceae
ERR3450606.kaiju.out	0.000051	13	119043	Rhodobiaceae
ERR3450606.kaiju.out	0.000051	13	224464	Kofleriaceae
ERR3450606.kaiju.out	0.000051	13	1331809	Kordiimonadaceae
ERR3450606.kaiju.out	0.000047	12	92712	Simkaniaceae
ERR3450606.kaiju.out	0.000047	12	125316	Beutenbergiaceae
ERR3450606.kaiju.out	0.000047	12	795749	Ignavibacteriaceae
ERR3450606.kaiju.out	0.000047	12	1328881	Candidatus Midichloriaceae
ERR3450606.kaiju.out	0.000047	12	1769745	Pseudobacteriovoracaceae
ERR3450606.kaiju.out	0.000047	12	1963270	Halococcaceae
ERR3450606.kaiju.out	0.000047	12	2036754	Chelatococcaceae
ERR3450606.kaiju.out	0.000043	11	320583	Conexibacteraceae
ERR3450606.kaiju.out	0.000043	11	742031	Salinisphaeraceae
ERR3450606.kaiju.out	0.000043	11	2137278	Salinarimonadaceae
ERR3450606.kaiju.out	0.000043	11	2212440	Thiofilaceae
ERR3450606.kaiju.out	0.000043	11	2814874	Neomegalonemataceae
ERR3450606.kaiju.out	0.000039	10	2178	Methanothermaceae
ERR3450606.kaiju.out	0.000039	10	255474	Parvularculaceae
ERR3450606.kaiju.out	0.000039	10	255526	Halothiobacillaceae
ERR3450606.kaiju.out	0.000039	10	1643685	Borreliaceae
ERR3450606.kaiju.out	0.000039	10	1963271	Halorubraceae
ERR3450606.kaiju.out	0.000039	10	2448023	Ilumatobacteraceae
ERR3450606.kaiju.out	0.000035	9	85033	Sporichthyaceae
ERR3450606.kaiju.out	0.000035	9	90627	Gallionellaceae
ERR3450606.kaiju.out	0.000035	9	92714	Waddliaceae
ERR3450606.kaiju.out	0.000035	9	118883	Sulfolobaceae
ERR3450606.kaiju.out	0.000035	9	412447	Criblamydiaceae
ERR3450606.kaiju.out	0.000035	9	717964	Methylacidiphilaceae
ERR3450606.kaiju.out	0.000035	9	1460864	Methanocalculaceae
ERR3450606.kaiju.out	0.000035	9	1524216	Labilitrichaceae
ERR3450606.kaiju.out	0.000035	9	1890431	Chamaesiphonaceae
ERR3450606.kaiju.out	0.000035	9	2024974	Silvanigrellaceae
ERR3450606.kaiju.out	0.000035	9	2805426	Kytococcaceae
ERR3450606.kaiju.out	0.000031	8	316606	Segniliparaceae
ERR3450606.kaiju.out	0.000031	8	1706374	Porticoccaceae
ERR3450606.kaiju.out	0.000031	8	1890449	Microcystaceae
ERR3450606.kaiju.out	0.000031	8	1890499	Xenococcaceae
ERR3450606.kaiju.out	0.000027	7	1738654	Woeseiaceae
ERR3450606.kaiju.out	0.000027	7	1969992	Desertifilaceae
ERR3450606.kaiju.out	0.000027	7	2301193	Balneatrichaceae
ERR3450606.kaiju.out	0.000027	7	2795691	Nitratiruptoraceae
ERR3450606.kaiju.out	0.000023	6	44746	Holosporaceae
ERR3450606.kaiju.out	0.000023	6	85032	Acidothermaceae
ERR3450606.kaiju.out	0.000023	6	119859	Tolypothrichaceae
ERR3450606.kaiju.out	0.000023	6	414877	Catenulisporaceae
ERR3450606.kaiju.out	0.000023	6	1692041	Acidiferrobacteraceae
ERR3450606.kaiju.out	0.000023	6	1890428	Merismopediaceae
ERR3450606.kaiju.out	0.000023	6	1892261	Chlorogloeopsidaceae
ERR3450606.kaiju.out	0.000023	6	1915415	Candidatus Methanomethyliaceae
ERR3450606.kaiju.out	0.000023	6	2812006	Bruguierivoracaceae
ERR3450606.kaiju.out	0.000019	5	1185	Rivulariaceae
ERR3450606.kaiju.out	0.000019	5	361606	Patulibacteraceae
ERR3450606.kaiju.out	0.000019	5	510685	Sneathiellaceae
ERR3450606.kaiju.out	0.000019	5	1676141	Wenzhouxiangellaceae
ERR3450606.kaiju.out	0.000016	4	46659	Thermoplasmataceae
ERR3450606.kaiju.out	0.000016	4	292630	Hydrogenimonaceae
ERR3450606.kaiju.out	0.000016	4	871007	Acidilobaceae
ERR3450606.kaiju.out	0.000016	4	1890528	Chroococcidiopsidaceae
ERR3450606.kaiju.out	0.000016	4	1892249	Cyanothecaceae
ERR3450606.kaiju.out	0.000016	4	2805591	Tropherymataceae
ERR3450606.kaiju.out	0.000012	3	85029	Dietziaceae
ERR3450606.kaiju.out	0.000012	3	114378	Thermofilaceae
ERR3450606.kaiju.out	0.000012	3	338190	Nitrosopumilaceae
ERR3450606.kaiju.out	0.000012	3	580372	Mariprofundaceae
ERR3450606.kaiju.out	0.000012	3	1955043	Gloeomargaritaceae
ERR3450606.kaiju.out	0.000008	2	90142	Ferroplasmaceae
ERR3450606.kaiju.out	0.000008	2	205957	Cenarchaeaceae
ERR3450606.kaiju.out	0.000008	2	660062	Methermicoccaceae
ERR3450606.kaiju.out	0.000008	2	1890497	Hydrococcaceae
ERR3450606.kaiju.out	0.000008	2	1890498	Dermocarpellaceae
ERR3450606.kaiju.out	0.000008	2	2689614	Steroidobacteraceae
ERR3450606.kaiju.out	0.000008	2	2772226	Sulfuricellaceae
ERR3450606.kaiju.out	0.000008	2	2805416	Jatrophihabitantaceae
ERR3450606.kaiju.out	0.000004	1	255472	Caldisphaeraceae
ERR3450606.kaiju.out	0.000004	1	622454	Cryptosporangiaceae
ERR3450606.kaiju.out	0.000004	1	685949	Fervidicoccaceae
ERR3450606.kaiju.out	0.000004	1	1892258	Symphyonemataceae
ERR3450606.kaiju.out	0.044145	11332	10239	Viruses
ERR3450606.kaiju.out	15.780346	4050851	NA	cannot be assigned to a (non-viral) family
ERR3450606.kaiju.out	24.014480	6164572	NA	unclassified
file	percent	reads	taxon_id	taxon_name
ERR3451635.kaiju.out	17.292843	4476535	541000	Ruminococcaceae
ERR3451635.kaiju.out	16.251568	4206984	186803	Lachnospiraceae
ERR3451635.kaiju.out	7.199796	1863785	31979	Clostridiaceae
ERR3451635.kaiju.out	6.021632	1558798	186806	Eubacteriaceae
ERR3451635.kaiju.out	5.383033	1393486	815	Bacteroidaceae
ERR3451635.kaiju.out	2.796269	723860	171552	Prevotellaceae
ERR3451635.kaiju.out	1.629810	421903	84107	Coriobacteriaceae
ERR3451635.kaiju.out	1.110820	287554	31977	Veillonellaceae
ERR3451635.kaiju.out	1.058052	273894	186804	Peptostreptococcaceae
ERR3451635.kaiju.out	0.998701	258530	171550	Rikenellaceae
ERR3451635.kaiju.out	0.642660	166363	216572	Oscillospiraceae
ERR3451635.kaiju.out	0.598135	154837	909930	Acidaminococcaceae
ERR3451635.kaiju.out	0.566242	146581	2005525	Tannerellaceae
ERR3451635.kaiju.out	0.553042	143164	2810280	Coprobacillaceae
ERR3451635.kaiju.out	0.361472	93573	1643826	Eggerthellaceae
ERR3451635.kaiju.out	0.324322	83956	543	Enterobacteriaceae
ERR3451635.kaiju.out	0.198960	51504	2005519	Barnesiellaceae
ERR3451635.kaiju.out	0.185737	48081	128827	Erysipelotrichaceae
ERR3451635.kaiju.out	0.168612	43648	2810281	Turicibacteraceae
ERR3451635.kaiju.out	0.145137	37571	1853231	Odoribacteraceae
ERR3451635.kaiju.out	0.138558	35868	1300	Streptococcaceae
ERR3451635.kaiju.out	0.128309	33215	31953	Bifidobacteriaceae
ERR3451635.kaiju.out	0.108797	28164	990719	Christensenellaceae
ERR3451635.kaiju.out	0.086755	22458	712	Pasteurellaceae
ERR3451635.kaiju.out	0.080447	20825	995019	Sutterellaceae
ERR3451635.kaiju.out	0.070013	18124	186817	Bacillaceae
ERR3451635.kaiju.out	0.066768	17284	2159	Methanobacteriaceae
ERR3451635.kaiju.out	0.063542	16449	186822	Paenibacillaceae
ERR3451635.kaiju.out	0.050416	13051	2049	Actinomycetaceae
ERR3451635.kaiju.out	0.049296	12761	1643824	Atopobiaceae
ERR3451635.kaiju.out	0.044355	11482	543314	Clostridiales Family XIII. Incertae Sedis
ERR3451635.kaiju.out	0.042860	11095	2304686	Hungateiclostridiaceae
ERR3451635.kaiju.out	0.033836	8759	186807	Peptococcaceae
ERR3451635.kaiju.out	0.031592	8178	1843491	Selenomonadaceae
ERR3451635.kaiju.out	0.028436	7361	171551	Porphyromonadaceae
ERR3451635.kaiju.out	0.028007	7250	31984	Heliobacteriaceae
ERR3451635.kaiju.out	0.026010	6733	1570339	Peptoniphilaceae
ERR3451635.kaiju.out	0.025032	6480	33958	Lactobacillaceae
ERR3451635.kaiju.out	0.024619	6373	49546	Flavobacteriaceae
ERR3451635.kaiju.out	0.024020	6218	137	Spirochaetaceae
ERR3451635.kaiju.out	0.018357	4752	2005520	Dysgonomonadaceae
ERR3451635.kaiju.out	0.017530	4538	81852	Enterococcaceae
ERR3451635.kaiju.out	0.015641	4049	41295	Rhodospirillaceae
ERR3451635.kaiju.out	0.012922	3345	1268	Micrococcaceae
ERR3451635.kaiju.out	0.011519	2982	194924	Desulfovibrionaceae
ERR3451635.kaiju.out	0.011133	2882	84566	Sphingobacteriaceae
ERR3451635.kaiju.out	0.009677	2505	186820	Listeriaceae
ERR3451635.kaiju.out	0.009484	2455	186828	Carnobacteriaceae
ERR3451635.kaiju.out	0.009345	2419	2005473	Muribaculaceae
ERR3451635.kaiju.out	0.008781	2273	203492	Fusobacteriaceae
ERR3451635.kaiju.out	0.008448	2187	1843490	Sporomusaceae
ERR3451635.kaiju.out	0.007656	1982	649777	Synergistaceae
ERR3451635.kaiju.out	0.007502	1942	1129771	Leptotrichiaceae
ERR3451635.kaiju.out	0.006938	1796	433	Acetobacteraceae
ERR3451635.kaiju.out	0.006783	1756	563835	Chitinophagaceae
ERR3451635.kaiju.out	0.006235	1614	83763	Succinivibrionaceae
ERR3451635.kaiju.out	0.005779	1496	204431	Fibrobacteraceae
ERR3451635.kaiju.out	0.005752	1489	2762318	Weeksellaceae
ERR3451635.kaiju.out	0.005169	1338	82115	Rhizobiaceae
ERR3451635.kaiju.out	0.005134	1329	119060	Burkholderiaceae
ERR3451635.kaiju.out	0.004937	1278	1647988	Akkermansiaceae
ERR3451635.kaiju.out	0.004771	1235	2146	Acholeplasmataceae
ERR3451635.kaiju.out	0.004717	1221	186814	Thermoanaerobacteraceae
ERR3451635.kaiju.out	0.004670	1209	2093822	Candidatus Nanosynbacteraceae
ERR3451635.kaiju.out	0.004477	1159	90964	Staphylococcaceae
ERR3451635.kaiju.out	0.004276	1107	292628	Anaerolineaceae
ERR3451635.kaiju.out	0.004126	1068	135621	Pseudomonadaceae
ERR3451635.kaiju.out	0.003886	1006	68298	Syntrophomonadaceae
ERR3451635.kaiju.out	0.003674	951	89373	Cytophagaceae
ERR3451635.kaiju.out	0.003569	924	186818	Planococcaceae
ERR3451635.kaiju.out	0.003457	895	213117	Desulfohalobiaceae
ERR3451635.kaiju.out	0.003411	883	1903411	Yersiniaceae
ERR3451635.kaiju.out	0.003311	857	186827	Aerococcaceae
ERR3451635.kaiju.out	0.003307	856	1737406	Tissierellaceae
ERR3451635.kaiju.out	0.003253	842	1471398	Prolixibacteraceae
ERR3451635.kaiju.out	0.003214	832	31989	Rhodobacteraceae
ERR3451635.kaiju.out	0.003083	798	2062	Streptomycetaceae
ERR3451635.kaiju.out	0.003044	788	85017	Promicromonosporaceae
ERR3451635.kaiju.out	0.003009	779	558415	Marinilabiliaceae
ERR3451635.kaiju.out	0.002928	758	1903414	Morganellaceae
ERR3451635.kaiju.out	0.002878	745	85023	Microbacteriaceae
ERR3451635.kaiju.out	0.002824	731	119045	Methylobacteriaceae
ERR3451635.kaiju.out	0.002820	730	1903409	Erwiniaceae
ERR3451635.kaiju.out	0.002777	719	563798	Cyclobacteriaceae
ERR3451635.kaiju.out	0.002685	695	2092	Mycoplasmataceae
ERR3451635.kaiju.out	0.002584	669	2005523	Paludibacteraceae
ERR3451635.kaiju.out	0.002573	666	186823	Alicyclobacillaceae
ERR3451635.kaiju.out	0.002557	662	1653	Corynebacteriaceae
ERR3451635.kaiju.out	0.002523	653	481	Neisseriaceae
ERR3451635.kaiju.out	0.002492	645	72294	Campylobacteraceae
ERR3451635.kaiju.out	0.002484	643	641	Vibrionaceae
ERR3451635.kaiju.out	0.002480	642	186824	Thermoactinomycetaceae
ERR3451635.kaiju.out	0.002407	623	41297	Sphingomonadaceae
ERR3451635.kaiju.out	0.002291	593	543347	Clostridiales Family XVI. Incertae Sedis
ERR3451635.kaiju.out	0.002287	592	444	Legionellaceae
ERR3451635.kaiju.out	0.002217	574	424536	Catabacteriaceae
ERR3451635.kaiju.out	0.002167	561	72293	Helicobacteraceae
ERR3451635.kaiju.out	0.002078	538	543371	Thermoanaerobacterales Family III. Incertae Sedis
ERR3451635.kaiju.out	0.002074	537	81850	Leuconostocaceae
ERR3451635.kaiju.out	0.002040	528	31957	Propionibacteriaceae
ERR3451635.kaiju.out	0.001962	508	143786	Brachyspiraceae
ERR3451635.kaiju.out	0.001935	501	543313	Clostridiales Family XII. Incertae Sedis
ERR3451635.kaiju.out	0.001839	476	468	Moraxellaceae
ERR3451635.kaiju.out	0.001796	465	80864	Comamonadaceae
ERR3451635.kaiju.out	0.001773	459	2042895	Gottschalkiaceae
ERR3451635.kaiju.out	0.001723	446	2770092	Tepidanaerobacteraceae
ERR3451635.kaiju.out	0.001541	399	213119	Desulfobacteraceae
ERR3451635.kaiju.out	0.001530	396	186821	Sporolactobacillaceae
ERR3451635.kaiju.out	0.001514	392	972	Halanaerobiaceae
ERR3451635.kaiju.out	0.001510	391	85030	Geodermatophilaceae
ERR3451635.kaiju.out	0.001468	380	85021	Intrasporangiaceae
ERR3451635.kaiju.out	0.001445	374	85016	Cellulomonadaceae
ERR3451635.kaiju.out	0.001406	364	72275	Alteromonadaceae
ERR3451635.kaiju.out	0.001402	363	1903410	Pectobacteriaceae
ERR3451635.kaiju.out	0.001317	341	75682	Oxalobacteraceae
ERR3451635.kaiju.out	0.001286	333	1853232	Hymenobacteraceae
ERR3451635.kaiju.out	0.001244	322	2206	Methanosarcinaceae
ERR3451635.kaiju.out	0.001244	322	45401	Hyphomicrobiaceae
ERR3451635.kaiju.out	0.001244	322	135620	Oceanospirillaceae
ERR3451635.kaiju.out	0.001198	310	403	Methylococcaceae
ERR3451635.kaiju.out	0.001174	304	53434	Halobacteroidaceae
ERR3451635.kaiju.out	0.001167	302	41294	Bradyrhizobiaceae
ERR3451635.kaiju.out	0.001147	297	170	Leptospiraceae
ERR3451635.kaiju.out	0.001132	293	506	Alcaligenaceae
ERR3451635.kaiju.out	0.001132	293	267888	Pseudoalteromonadaceae
ERR3451635.kaiju.out	0.001124	291	69277	Phyllobacteriaceae
ERR3451635.kaiju.out	0.001116	289	32033	Xanthomonadaceae
ERR3451635.kaiju.out	0.001078	279	2070	Pseudonocardiaceae
ERR3451635.kaiju.out	0.001078	279	188711	Thermodesulfobacteriaceae
ERR3451635.kaiju.out	0.001070	277	1202464	Dehalococcoidaceae
ERR3451635.kaiju.out	0.001066	276	85025	Nocardiaceae
ERR3451635.kaiju.out	0.001062	275	1643949	Petrotogaceae
ERR3451635.kaiju.out	0.001058	274	134623	Opitutaceae
ERR3451635.kaiju.out	0.001055	273	183710	Deinococcaceae
ERR3451635.kaiju.out	0.001031	267	1903412	Hafniaceae
ERR3451635.kaiju.out	0.001012	262	543372	Thermoanaerobacterales Family IV. Incertae Sedis
ERR3451635.kaiju.out	0.001008	261	213422	Geobacteraceae
ERR3451635.kaiju.out	0.000973	252	2194	Methanomicrobiaceae
ERR3451635.kaiju.out	0.000970	251	28056	Micromonosporaceae
ERR3451635.kaiju.out	0.000946	245	2770093	Thermosediminibacteraceae
ERR3451635.kaiju.out	0.000904	234	1240483	Orbaceae
ERR3451635.kaiju.out	0.000896	232	200667	Flammeovirgaceae
ERR3451635.kaiju.out	0.000885	229	206379	Nitrosomonadaceae
ERR3451635.kaiju.out	0.000885	229	213121	Desulfobulbaceae
ERR3451635.kaiju.out	0.000869	225	85015	Nocardioidaceae
ERR3451635.kaiju.out	0.000865	224	31	Myxococcaceae
ERR3451635.kaiju.out	0.000854	221	28256	Halomonadaceae
ERR3451635.kaiju.out	0.000773	200	1185407	Defluviitaleaceae
ERR3451635.kaiju.out	0.000765	198	191412	Chlorobiaceae
ERR3451635.kaiju.out	0.000742	192	1762	Mycobacteriaceae
ERR3451635.kaiju.out	0.000738	191	715221	Caldicoprobacteraceae
ERR3451635.kaiju.out	0.000684	177	191394	Deferribacteraceae
ERR3451635.kaiju.out	0.000672	174	1706375	Spongiibacteraceae
ERR3451635.kaiju.out	0.000645	167	1499392	Chromobacteriaceae
ERR3451635.kaiju.out	0.000622	161	267891	Moritellaceae
ERR3451635.kaiju.out	0.000618	160	204434	Acidobacteriaceae
ERR3451635.kaiju.out	0.000618	160	267890	Shewanellaceae
ERR3451635.kaiju.out	0.000610	158	76892	Caulobacteraceae
ERR3451635.kaiju.out	0.000606	157	1903416	Budviciaceae
ERR3451635.kaiju.out	0.000595	154	213421	Desulfuromonadaceae
ERR3451635.kaiju.out	0.000583	151	135616	Piscirickettsiaceae
ERR3451635.kaiju.out	0.000579	150	188786	Thermaceae
ERR3451635.kaiju.out	0.000572	148	189779	Nitrospiraceae
ERR3451635.kaiju.out	0.000572	148	267893	Idiomarinaceae
ERR3451635.kaiju.out	0.000560	145	1573805	Marinifilaceae
ERR3451635.kaiju.out	0.000545	141	72276	Ectothiorhodospiraceae
ERR3451635.kaiju.out	0.000529	137	2691357	Pirellulaceae
ERR3451635.kaiju.out	0.000506	131	84642	Aeromonadaceae
ERR3451635.kaiju.out	0.000502	130	213468	Syntrophaceae
ERR3451635.kaiju.out	0.000498	129	1890426	Synechococcaceae
ERR3451635.kaiju.out	0.000491	127	126	Planctomycetaceae
ERR3451635.kaiju.out	0.000491	127	1491775	Proteinivoraceae
ERR3451635.kaiju.out	0.000479	124	415002	Puniceicoccaceae
ERR3451635.kaiju.out	0.000479	124	541019	Gracilibacteraceae
ERR3451635.kaiju.out	0.000479	124	1643948	Kosmotogaceae
ERR3451635.kaiju.out	0.000460	119	74712	Frankiaceae
ERR3451635.kaiju.out	0.000456	118	75787	Rhodocyclaceae
ERR3451635.kaiju.out	0.000452	117	1042322	Demequinaceae
ERR3451635.kaiju.out	0.000444	115	1127830	Candidatus Brocadiaceae
ERR3451635.kaiju.out	0.000440	114	1706371	Cellvibrionaceae
ERR3451635.kaiju.out	0.000437	113	2004	Streptosporangiaceae
ERR3451635.kaiju.out	0.000429	111	135617	Thiotrichaceae
ERR3451635.kaiju.out	0.000425	110	2771471	Thiovulaceae
ERR3451635.kaiju.out	0.000417	108	1577788	Methanomassiliicoccaceae
ERR3451635.kaiju.out	0.000406	105	188709	Thermotogaceae
ERR3451635.kaiju.out	0.000398	103	1046	Chromatiaceae
ERR3451635.kaiju.out	0.000398	103	1162	Nostocaceae
ERR3451635.kaiju.out	0.000398	103	267889	Colwelliaceae
ERR3451635.kaiju.out	0.000386	100	2762286	Fulvivirgaceae
ERR3451635.kaiju.out	0.000382	99	1853230	Crocinitomicaceae
ERR3451635.kaiju.out	0.000371	96	539000	Clostridiales Family XVII. Incertae Sedis
ERR3451635.kaiju.out	0.000367	95	1892254	Oscillatoriaceae
ERR3451635.kaiju.out	0.000363	94	2259	Thermococcaceae
ERR3451635.kaiju.out	0.000355	92	2762306	Roseivirgaceae
ERR3451635.kaiju.out	0.000352	91	539003	Bacillales Family X. Incertae Sedis
ERR3451635.kaiju.out	0.000352	91	1840213	Lentimicrobiaceae
ERR3451635.kaiju.out	0.000344	89	224467	Nautiliaceae
ERR3451635.kaiju.out	0.000344	89	1890450	Aphanothecaceae
ERR3451635.kaiju.out	0.000336	87	1890438	Leptolyngbyaceae
ERR3451635.kaiju.out	0.000328	85	2483367	Sedimentisphaeraceae
ERR3451635.kaiju.out	0.000324	84	255475	Aurantimonadaceae
ERR3451635.kaiju.out	0.000324	84	566277	Lentisphaeraceae
ERR3451635.kaiju.out	0.000324	84	1775411	Rhodanobacteraceae
ERR3451635.kaiju.out	0.000301	78	213116	Desulfomicrobiaceae
ERR3451635.kaiju.out	0.000297	77	213465	Syntrophobacteraceae
ERR3451635.kaiju.out	0.000297	77	2690158	Anaerohalosphaeraceae
ERR3451635.kaiju.out	0.000294	76	1522127	Catalimonadaceae
ERR3451635.kaiju.out	0.000286	74	1813606	Balneolaceae
ERR3451635.kaiju.out	0.000282	73	2008794	Zoogloeaceae
ERR3451635.kaiju.out	0.000278	72	1643950	Fervidobacteriaceae
ERR3451635.kaiju.out	0.000274	71	868	Cardiobacteriaceae
ERR3451635.kaiju.out	0.000274	71	32011	Methylophilaceae
ERR3451635.kaiju.out	0.000274	71	335929	Erythrobacteraceae
ERR3451635.kaiju.out	0.000263	68	2012	Thermomonosporaceae
ERR3451635.kaiju.out	0.000263	68	2131	Spiroplasmataceae
ERR3451635.kaiju.out	0.000263	68	203488	Dictyoglomaceae
ERR3451635.kaiju.out	0.000263	68	2517203	Candidatus Methanomethylophilaceae
ERR3451635.kaiju.out	0.000259	67	471823	Haloplasmataceae
ERR3451635.kaiju.out	0.000247	64	2066474	Endozoicomonadaceae
ERR3451635.kaiju.out	0.000243	63	64898	Aquificaceae
ERR3451635.kaiju.out	0.000240	62	34064	Francisellaceae
ERR3451635.kaiju.out	0.000240	62	88404	Methanocorpusculaceae
ERR3451635.kaiju.out	0.000240	62	267894	Psychromonadaceae
ERR3451635.kaiju.out	0.000236	61	2048906	Pyrinomonadaceae
ERR3451635.kaiju.out	0.000228	59	83676	Nocardiopsaceae
ERR3451635.kaiju.out	0.000224	58	69657	Hyphomonadaceae
ERR3451635.kaiju.out	0.000224	58	453228	Desulfarculaceae
ERR3451635.kaiju.out	0.000224	58	1937961	Haliscomenobacteraceae
ERR3451635.kaiju.out	0.000220	57	85020	Dermabacteraceae
ERR3451635.kaiju.out	0.000212	55	203557	Verrucomicrobiaceae
ERR3451635.kaiju.out	0.000209	54	39	Archangiaceae
ERR3451635.kaiju.out	0.000201	52	89377	Crenotrichaceae
ERR3451635.kaiju.out	0.000197	51	1331736	Ruaniaceae
ERR3451635.kaiju.out	0.000193	50	92713	Parachlamydiaceae
ERR3451635.kaiju.out	0.000193	50	558314	Desulfurobacteriaceae
ERR3451635.kaiju.out	0.000189	49	85026	Gordoniaceae
ERR3451635.kaiju.out	0.000189	49	1763524	Isosphaeraceae
ERR3451635.kaiju.out	0.000189	49	1853234	Persicobacteraceae
ERR3451635.kaiju.out	0.000182	47	1853233	Thermonemataceae
ERR3451635.kaiju.out	0.000178	46	1892252	Microcoleaceae
ERR3451635.kaiju.out	0.000178	46	2800061	Maricaulaceae
ERR3451635.kaiju.out	0.000174	45	49	Polyangiaceae
ERR3451635.kaiju.out	0.000174	45	224027	Hydrogenothermaceae
ERR3451635.kaiju.out	0.000174	45	1508635	Roseiflexaceae
ERR3451635.kaiju.out	0.000174	45	1676650	Limnochordaceae
ERR3451635.kaiju.out	0.000170	44	39782	Blattabacteriaceae
ERR3451635.kaiju.out	0.000166	43	224379	Hahellaceae
ERR3451635.kaiju.out	0.000166	43	407032	Nitrospinaceae
ERR3451635.kaiju.out	0.000162	42	1706372	Halieaceae
ERR3451635.kaiju.out	0.000162	42	1937960	Lewinellaceae
ERR3451635.kaiju.out	0.000158	41	219687	Gemmatimonadaceae
ERR3451635.kaiju.out	0.000155	40	1970190	Salinivirgaceae
ERR3451635.kaiju.out	0.000151	39	267892	Ferrimonadaceae
ERR3451635.kaiju.out	0.000147	38	2183	Methanococcaceae
ERR3451635.kaiju.out	0.000147	38	335928	Xanthobacteraceae
ERR3451635.kaiju.out	0.000147	38	388449	Ktedonobacteraceae
ERR3451635.kaiju.out	0.000147	38	2812024	Syntrophotaleaceae
ERR3451635.kaiju.out	0.000143	37	145360	Sanguibacteraceae
ERR3451635.kaiju.out	0.000143	37	224372	Alcanivoracaceae
ERR3451635.kaiju.out	0.000143	37	543349	Symbiobacteriaceae
ERR3451635.kaiju.out	0.000139	36	31993	Methylocystaceae
ERR3451635.kaiju.out	0.000139	36	117942	Desulfurellaceae
ERR3451635.kaiju.out	0.000139	36	246874	Cryomorphaceae
ERR3451635.kaiju.out	0.000139	36	1706373	Microbulbiferaceae
ERR3451635.kaiju.out	0.000135	35	84994	Acidimicrobiaceae
ERR3451635.kaiju.out	0.000135	35	2008795	Azonexaceae
ERR3451635.kaiju.out	0.000131	34	1334117	Melioribacteraceae
ERR3451635.kaiju.out	0.000131	34	1892251	Coleofasciculaceae
ERR3451635.kaiju.out	0.000131	34	2036754	Chelatococcaceae
ERR3451635.kaiju.out	0.000127	33	772	Bartonellaceae
ERR3451635.kaiju.out	0.000127	33	1644056	Haloferacaceae
ERR3451635.kaiju.out	0.000124	32	2232	Archaeoglobaceae
ERR3451635.kaiju.out	0.000124	32	485255	Natranaerobiaceae
ERR3451635.kaiju.out	0.000124	32	1055686	Sandaracinaceae
ERR3451635.kaiju.out	0.000124	32	1191479	Magnetococcaceae
ERR3451635.kaiju.out	0.000124	32	2762302	Reichenbachiellaceae
ERR3451635.kaiju.out	0.000124	32	2771472	Sulfurovaceae
ERR3451635.kaiju.out	0.000120	31	1213	Prochloraceae
ERR3451635.kaiju.out	0.000120	31	568386	Sinobacteraceae
ERR3451635.kaiju.out	0.000116	30	641876	Elusimicrobiaceae
ERR3451635.kaiju.out	0.000116	30	1524215	Anaeromyxobacteraceae
ERR3451635.kaiju.out	0.000116	30	1892263	Hapalosiphonaceae
ERR3451635.kaiju.out	0.000116	30	1962854	Calditrichaceae
ERR3451635.kaiju.out	0.000116	30	1963271	Halorubraceae
ERR3451635.kaiju.out	0.000112	29	224380	Desulfonatronaceae
ERR3451635.kaiju.out	0.000112	29	2805400	Actinopolymorphaceae
ERR3451635.kaiju.out	0.000108	28	85034	Glycomycetaceae
ERR3451635.kaiju.out	0.000108	28	189770	Chrysiogenaceae
ERR3451635.kaiju.out	0.000108	28	320796	Thermoleophilaceae
ERR3451635.kaiju.out	0.000108	28	2815910	Geminocystaceae
ERR3451635.kaiju.out	0.000104	27	118882	Brucellaceae
ERR3451635.kaiju.out	0.000100	26	224463	Nannocystaceae
ERR3451635.kaiju.out	0.000100	26	1505234	Chitinivibrionaceae
ERR3451635.kaiju.out	0.000100	26	1921783	Kiritimatiellaceae
ERR3451635.kaiju.out	0.000100	26	2762276	Cesiribacteraceae
ERR3451635.kaiju.out	0.000097	25	1106	Chloroflexaceae
ERR3451635.kaiju.out	0.000097	25	85002	Sphaerobacteraceae
ERR3451635.kaiju.out	0.000097	25	332161	Solibacteraceae
ERR3451635.kaiju.out	0.000097	25	1331809	Kordiimonadaceae
ERR3451635.kaiju.out	0.000097	25	2762301	Marivirgaceae
ERR3451635.kaiju.out	0.000093	24	85018	Dermatophilaceae
ERR3451635.kaiju.out	0.000093	24	225058	Acidithiobacillaceae
ERR3451635.kaiju.out	0.000093	24	574976	Holophagaceae
ERR3451635.kaiju.out	0.000093	24	1663426	Fimbriimonadaceae
ERR3451635.kaiju.out	0.000093	24	2038695	Williamwhitmaniaceae
ERR3451635.kaiju.out	0.000089	23	2236	Halobacteriaceae
ERR3451635.kaiju.out	0.000089	23	143067	Methanotrichaceae
ERR3451635.kaiju.out	0.000089	23	475964	Caldilineaceae
ERR3451635.kaiju.out	0.000089	23	570265	Methanocellaceae
ERR3451635.kaiju.out	0.000089	23	795749	Ignavibacteriaceae
ERR3451635.kaiju.out	0.000089	23	1836792	Chthoniobacteraceae
ERR3451635.kaiju.out	0.000089	23	1963268	Haloarculaceae
ERR3451635.kaiju.out	0.000089	23	2008790	Thiobacillaceae
ERR3451635.kaiju.out	0.000085	22	45404	Beijerinckiaceae
ERR3451635.kaiju.out	0.000085	22	118968	Coxiellaceae
ERR3451635.kaiju.out	0.000085	22	1644061	Natrialbaceae
ERR3451635.kaiju.out	0.000085	22	1783343	Endomicrobiaceae
ERR3451635.kaiju.out	0.000085	22	1890436	Pseudanabaenaceae
ERR3451635.kaiju.out	0.000085	22	2211325	Vicinamibacteraceae
ERR3451635.kaiju.out	0.000081	21	85019	Brevibacteriaceae
ERR3451635.kaiju.out	0.000081	21	134621	Verrucomicrobia subdivision 3
ERR3451635.kaiju.out	0.000081	21	320583	Conexibacteraceae
ERR3451635.kaiju.out	0.000081	21	563843	Rhodothermaceae
ERR3451635.kaiju.out	0.000081	21	693073	Caldisericaceae
ERR3451635.kaiju.out	0.000081	21	1890464	Chroococcaceae
ERR3451635.kaiju.out	0.000081	21	2008793	Sterolibacteriaceae
ERR3451635.kaiju.out	0.000081	21	2762317	Thermoflexibacteraceae
ERR3451635.kaiju.out	0.000081	21	2800062	Robiginitomaculaceae
ERR3451635.kaiju.out	0.000081	21	2811504	Thermodesulfovibrionaceae
ERR3451635.kaiju.out	0.000077	20	84997	Rubrobacteraceae
ERR3451635.kaiju.out	0.000077	20	189777	Thermomicrobiaceae
ERR3451635.kaiju.out	0.000077	20	655351	Cohaesibacteraceae
ERR3451635.kaiju.out	0.000077	20	1382930	Ardenticatenaceae
ERR3451635.kaiju.out	0.000077	20	1771359	Thorselliaceae
ERR3451635.kaiju.out	0.000077	20	2813951	Terasakiellaceae
ERR3451635.kaiju.out	0.000073	19	255527	Saccharospirillaceae
ERR3451635.kaiju.out	0.000073	19	666507	Phycisphaeraceae
ERR3451635.kaiju.out	0.000073	19	1648490	Rubritaleaceae
ERR3451635.kaiju.out	0.000070	18	580372	Mariprofundaceae
ERR3451635.kaiju.out	0.000070	18	1077264	Chthonomonadaceae
ERR3451635.kaiju.out	0.000070	18	1333713	Schleiferiaceae
ERR3451635.kaiju.out	0.000070	18	1890422	Gloeobacteraceae
ERR3451635.kaiju.out	0.000070	18	1890429	Acaryochloridaceae
ERR3451635.kaiju.out	0.000070	18	1937962	Microscillaceae
ERR3451635.kaiju.out	0.000066	17	942	Anaplasmataceae
ERR3451635.kaiju.out	0.000066	17	1182	Scytonemataceae
ERR3451635.kaiju.out	0.000066	17	145357	Dermacoccaceae
ERR3451635.kaiju.out	0.000066	17	213483	Bdellovibrionaceae
ERR3451635.kaiju.out	0.000066	17	224464	Kofleriaceae
ERR3451635.kaiju.out	0.000066	17	414877	Catenulisporaceae
ERR3451635.kaiju.out	0.000066	17	1100104	Brevinemataceae
ERR3451635.kaiju.out	0.000066	17	1400857	Candidatus Competibacteraceae
ERR3451635.kaiju.out	0.000066	17	1524213	Vulgatibacteraceae
ERR3451635.kaiju.out	0.000066	17	1860138	Chitinispirillaceae
ERR3451635.kaiju.out	0.000066	17	1920240	Kangiellaceae
ERR3451635.kaiju.out	0.000062	16	809	Chlamydiaceae
ERR3451635.kaiju.out	0.000062	16	1501348	Amoebophilaceae
ERR3451635.kaiju.out	0.000062	16	2805590	Ornithinimicrobiaceae
ERR3451635.kaiju.out	0.000058	15	85022	Jonesiaceae
ERR3451635.kaiju.out	0.000058	15	320599	Solirubrobacteraceae
ERR3451635.kaiju.out	0.000058	15	768668	Thermogemmatisporaceae
ERR3451635.kaiju.out	0.000058	15	1890431	Chamaesiphonaceae
ERR3451635.kaiju.out	0.000058	15	1937968	Bernardetiaceae
ERR3451635.kaiju.out	0.000058	15	2138247	Coprothermobacteraceae
ERR3451635.kaiju.out	0.000054	14	46659	Thermoplasmataceae
ERR3451635.kaiju.out	0.000054	14	189773	Herpetosiphonaceae
ERR3451635.kaiju.out	0.000054	14	1890448	Spirulinaceae
ERR3451635.kaiju.out	0.000054	14	1914233	Gemmataceae
ERR3451635.kaiju.out	0.000054	14	2100208	Caedimonadaceae
ERR3451635.kaiju.out	0.000050	13	2267	Thermoproteaceae
ERR3451635.kaiju.out	0.000050	13	33925	Entomoplasmataceae
ERR3451635.kaiju.out	0.000050	13	596498	Nitriliruptoraceae
ERR3451635.kaiju.out	0.000050	13	2726069	Kribbellaceae
ERR3451635.kaiju.out	0.000046	12	1189	Stigonemataceae
ERR3451635.kaiju.out	0.000046	12	119859	Tolypothrichaceae
ERR3451635.kaiju.out	0.000046	12	227387	Thermodesulfobiaceae
ERR3451635.kaiju.out	0.000046	12	513556	Syntrophorhabdaceae
ERR3451635.kaiju.out	0.000046	12	1033997	Nitrososphaeraceae
ERR3451635.kaiju.out	0.000046	12	2066434	Geminicoccaceae
ERR3451635.kaiju.out	0.000042	11	83778	Kineosporiaceae
ERR3451635.kaiju.out	0.000042	11	85031	Nakamurellaceae
ERR3451635.kaiju.out	0.000042	11	89374	Saprospiraceae
ERR3451635.kaiju.out	0.000042	11	1524216	Labilitrichaceae
ERR3451635.kaiju.out	0.000042	11	1962910	Bryobacteraceae
ERR3451635.kaiju.out	0.000042	11	1969992	Desertifilaceae
ERR3451635.kaiju.out	0.000042	11	2303730	Prochlorotrichaceae
ERR3451635.kaiju.out	0.000042	11	2661849	Calotrichaceae
ERR3451635.kaiju.out	0.000039	10	118883	Sulfolobaceae
ERR3451635.kaiju.out	0.000039	10	1198451	Methanoregulaceae
ERR3451635.kaiju.out	0.000039	10	1652132	Halobacteriovoraceae
ERR3451635.kaiju.out	0.000039	10	1706374	Porticoccaceae
ERR3451635.kaiju.out	0.000039	10	1769717	Mesoaciditogaceae
ERR3451635.kaiju.out	0.000039	10	1890500	Hyellaceae
ERR3451635.kaiju.out	0.000039	10	1963270	Halococcaceae
ERR3451635.kaiju.out	0.000039	10	2448023	Ilumatobacteraceae
ERR3451635.kaiju.out	0.000039	10	2762316	Terrimicrobiaceae
ERR3451635.kaiju.out	0.000039	10	2813035	Parvibaculaceae
ERR3451635.kaiju.out	0.000035	9	119043	Rhodobiaceae
ERR3451635.kaiju.out	0.000035	9	205957	Cenarchaeaceae
ERR3451635.kaiju.out	0.000035	9	206349	Hydrogenophilaceae
ERR3451635.kaiju.out	0.000035	9	871007	Acidilobaceae
ERR3451635.kaiju.out	0.000035	9	1442156	Ferrovaceae
ERR3451635.kaiju.out	0.000035	9	1676141	Wenzhouxiangellaceae
ERR3451635.kaiju.out	0.000035	9	1890428	Merismopediaceae
ERR3451635.kaiju.out	0.000035	9	2024974	Silvanigrellaceae
ERR3451635.kaiju.out	0.000031	8	2272	Desulfurococcaceae
ERR3451635.kaiju.out	0.000031	8	412447	Criblamydiaceae
ERR3451635.kaiju.out	0.000031	8	1392996	Candidatus Methanoperedenaceae
ERR3451635.kaiju.out	0.000031	8	1553902	Oligoflexaceae
ERR3451635.kaiju.out	0.000031	8	1892259	Aphanizomenonaceae
ERR3451635.kaiju.out	0.000031	8	2562242	Thermoanaerobaculaceae
ERR3451635.kaiju.out	0.000027	7	2307	Pyrodictiaceae
ERR3451635.kaiju.out	0.000027	7	85029	Dietziaceae
ERR3451635.kaiju.out	0.000027	7	114378	Thermofilaceae
ERR3451635.kaiju.out	0.000027	7	332247	Trueperaceae
ERR3451635.kaiju.out	0.000027	7	1217100	Jiangellaceae
ERR3451635.kaiju.out	0.000027	7	1328881	Candidatus Midichloriaceae
ERR3451635.kaiju.out	0.000027	7	1655514	Pelagibacteraceae
ERR3451635.kaiju.out	0.000027	7	1798913	Microthrixaceae
ERR3451635.kaiju.out	0.000027	7	1890499	Xenococcaceae
ERR3451635.kaiju.out	0.000027	7	2137278	Salinarimonadaceae
ERR3451635.kaiju.out	0.000023	6	44746	Holosporaceae
ERR3451635.kaiju.out	0.000023	6	125316	Beutenbergiaceae
ERR3451635.kaiju.out	0.000023	6	196137	Methanospirillaceae
ERR3451635.kaiju.out	0.000023	6	255474	Parvularculaceae
ERR3451635.kaiju.out	0.000023	6	263369	Bacteriovoracaceae
ERR3451635.kaiju.out	0.000023	6	597359	Kiloniellaceae
ERR3451635.kaiju.out	0.000023	6	1777752	Candidatus Paracaedibacteraceae
ERR3451635.kaiju.out	0.000019	5	775	Rickettsiaceae
ERR3451635.kaiju.out	0.000019	5	90627	Gallionellaceae
ERR3451635.kaiju.out	0.000019	5	196117	Methanocaldococcaceae
ERR3451635.kaiju.out	0.000019	5	717964	Methylacidiphilaceae
ERR3451635.kaiju.out	0.000019	5	742031	Salinisphaeraceae
ERR3451635.kaiju.out	0.000019	5	1460864	Methanocalculaceae
ERR3451635.kaiju.out	0.000019	5	1486721	Methylothermaceae
ERR3451635.kaiju.out	0.000019	5	1643685	Borreliaceae
ERR3451635.kaiju.out	0.000019	5	1890528	Chroococcidiopsidaceae
ERR3451635.kaiju.out	0.000019	5	1892261	Chlorogloeopsidaceae
ERR3451635.kaiju.out	0.000019	5	1902584	Candidatus Desulfofervidaceae
ERR3451635.kaiju.out	0.000019	5	2056687	Fastidiosibacteraceae
ERR3451635.kaiju.out	0.000019	5	2212439	Thiolinaceae
ERR3451635.kaiju.out	0.000019	5	2689614	Steroidobacteraceae
ERR3451635.kaiju.out	0.000019	5	2762284	Flexibacteraceae
ERR3451635.kaiju.out	0.000019	5	2795691	Nitratiruptoraceae
ERR3451635.kaiju.out	0.000015	4	85032	Acidothermaceae
ERR3451635.kaiju.out	0.000015	4	92714	Waddliaceae
ERR3451635.kaiju.out	0.000015	4	255526	Halothiobacillaceae
ERR3451635.kaiju.out	0.000015	4	292630	Hydrogenimonaceae
ERR3451635.kaiju.out	0.000015	4	316606	Segniliparaceae
ERR3451635.kaiju.out	0.000015	4	361606	Patulibacteraceae
ERR3451635.kaiju.out	0.000015	4	510685	Sneathiellaceae
ERR3451635.kaiju.out	0.000015	4	1266054	Algiphilaceae
ERR3451635.kaiju.out	0.000015	4	1738654	Woeseiaceae
ERR3451635.kaiju.out	0.000015	4	1868322	Candidatus Thermochlorobacteriaceae
ERR3451635.kaiju.out	0.000012	3	1185	Rivulariaceae
ERR3451635.kaiju.out	0.000012	3	85028	Tsukamurellaceae
ERR3451635.kaiju.out	0.000012	3	92712	Simkaniaceae
ERR3451635.kaiju.out	0.000012	3	104174	Oscillochloridaceae
ERR3451635.kaiju.out	0.000012	3	183713	Methanopyraceae
ERR3451635.kaiju.out	0.000012	3	225059	Thermithiobacillaceae
ERR3451635.kaiju.out	0.000012	3	622451	Actinopolysporaceae
ERR3451635.kaiju.out	0.000012	3	1692041	Acidiferrobacteraceae
ERR3451635.kaiju.out	0.000012	3	1769745	Pseudobacteriovoracaceae
ERR3451635.kaiju.out	0.000012	3	1890449	Microcystaceae
ERR3451635.kaiju.out	0.000012	3	1890497	Hydrococcaceae
ERR3451635.kaiju.out	0.000012	3	1892249	Cyanothecaceae
ERR3451635.kaiju.out	0.000012	3	1915415	Candidatus Methanomethyliaceae
ERR3451635.kaiju.out	0.000012	3	1934946	Immundisolibacteraceae
ERR3451635.kaiju.out	0.000012	3	1955043	Gloeomargaritaceae
ERR3451635.kaiju.out	0.000012	3	2301193	Balneatrichaceae
ERR3451635.kaiju.out	0.000012	3	2690195	Elioraeaceae
ERR3451635.kaiju.out	0.000012	3	2805586	Lawsonellaceae
ERR3451635.kaiju.out	0.000008	2	85033	Sporichthyaceae
ERR3451635.kaiju.out	0.000008	2	90142	Ferroplasmaceae
ERR3451635.kaiju.out	0.000008	2	255472	Caldisphaeraceae
ERR3451635.kaiju.out	0.000008	2	338190	Nitrosopumilaceae
ERR3451635.kaiju.out	0.000008	2	1747776	Cuniculiplasmataceae
ERR3451635.kaiju.out	0.000008	2	1892258	Symphyonemataceae
ERR3451635.kaiju.out	0.000008	2	1892264	Fortieaceae
ERR3451635.kaiju.out	0.000008	2	2152899	Candidatus Fermentibacteraceae
ERR3451635.kaiju.out	0.000008	2	2212440	Thiofilaceae
ERR3451635.kaiju.out	0.000008	2	2772226	Sulfuricellaceae
ERR3451635.kaiju.out	0.000008	2	2805416	Jatrophihabitantaceae
ERR3451635.kaiju.out	0.000008	2	2805426	Kytococcaceae
ERR3451635.kaiju.out	0.000008	2	2805591	Tropherymataceae
ERR3451635.kaiju.out	0.000008	2	2812006	Bruguierivoracaceae
ERR3451635.kaiju.out	0.000008	2	2814874	Neomegalonemataceae
ERR3451635.kaiju.out	0.000004	1	622454	Cryptosporangiaceae
ERR3451635.kaiju.out	0.000004	1	1890498	Dermocarpellaceae
ERR3451635.kaiju.out	0.000004	1	2202724	Methanonatronarchaeaceae
ERR3451635.kaiju.out	0.000004	1	2497645	Candidatus Babeliaceae
ERR3451635.kaiju.out	0.110520	28610	10239	Viruses
ERR3451635.kaiju.out	14.568814	3771376	NA	cannot be assigned to a (non-viral) family
ERR3451635.kaiju.out	20.257954	5244103	NA	unclassified
file	percent	reads	taxon_id	taxon_name
ERR3452318.kaiju.out	15.492211	3589098	186803	Lachnospiraceae
ERR3452318.kaiju.out	14.080970	3262154	186806	Eubacteriaceae
ERR3452318.kaiju.out	12.601480	2919399	543	Enterobacteriaceae
ERR3452318.kaiju.out	6.092434	1411441	31979	Clostridiaceae
ERR3452318.kaiju.out	6.086287	1410017	541000	Ruminococcaceae
ERR3452318.kaiju.out	2.450495	567709	128827	Erysipelotrichaceae
ERR3452318.kaiju.out	1.086165	251633	2159	Methanobacteriaceae
ERR3452318.kaiju.out	0.933586	216285	216572	Oscillospiraceae
ERR3452318.kaiju.out	0.713542	165307	84107	Coriobacteriaceae
ERR3452318.kaiju.out	0.604840	140124	171552	Prevotellaceae
ERR3452318.kaiju.out	0.495198	114723	171550	Rikenellaceae
ERR3452318.kaiju.out	0.460860	106768	2810280	Coprobacillaceae
ERR3452318.kaiju.out	0.422258	97825	815	Bacteroidaceae
ERR3452318.kaiju.out	0.353734	81950	186804	Peptostreptococcaceae
ERR3452318.kaiju.out	0.352698	81710	990719	Christensenellaceae
ERR3452318.kaiju.out	0.215594	49947	1903414	Morganellaceae
ERR3452318.kaiju.out	0.188189	43598	2005525	Tannerellaceae
ERR3452318.kaiju.out	0.155047	35920	1643826	Eggerthellaceae
ERR3452318.kaiju.out	0.120032	27808	1903409	Erwiniaceae
ERR3452318.kaiju.out	0.085729	19861	186817	Bacillaceae
ERR3452318.kaiju.out	0.085082	19711	909930	Acidaminococcaceae
ERR3452318.kaiju.out	0.080796	18718	31977	Veillonellaceae
ERR3452318.kaiju.out	0.077036	17847	543314	Clostridiales Family XIII. Incertae Sedis
ERR3452318.kaiju.out	0.074532	17267	1903411	Yersiniaceae
ERR3452318.kaiju.out	0.072715	16846	2304686	Hungateiclostridiaceae
ERR3452318.kaiju.out	0.070937	16434	2810281	Turicibacteraceae
ERR3452318.kaiju.out	0.066560	15420	186822	Paenibacillaceae
ERR3452318.kaiju.out	0.051176	11856	33958	Lactobacillaceae
ERR3452318.kaiju.out	0.047300	10958	1643824	Atopobiaceae
ERR3452318.kaiju.out	0.045327	10501	186807	Peptococcaceae
ERR3452318.kaiju.out	0.042496	9845	1300	Streptococcaceae
ERR3452318.kaiju.out	0.042228	9783	1903410	Pectobacteriaceae
ERR3452318.kaiju.out	0.041788	9681	2049	Actinomycetaceae
ERR3452318.kaiju.out	0.040432	9367	1853231	Odoribacteraceae
ERR3452318.kaiju.out	0.038913	9015	1570339	Peptoniphilaceae
ERR3452318.kaiju.out	0.037588	8708	137	Spirochaetaceae
ERR3452318.kaiju.out	0.032533	7537	1843491	Selenomonadaceae
ERR3452318.kaiju.out	0.032330	7490	649777	Synergistaceae
ERR3452318.kaiju.out	0.027630	6401	135621	Pseudomonadaceae
ERR3452318.kaiju.out	0.027176	6296	433	Acetobacteraceae
ERR3452318.kaiju.out	0.026887	6229	1903412	Hafniaceae
ERR3452318.kaiju.out	0.024259	5620	31984	Heliobacteriaceae
ERR3452318.kaiju.out	0.023123	5357	1903416	Budviciaceae
ERR3452318.kaiju.out	0.022679	5254	31953	Bifidobacteriaceae
ERR3452318.kaiju.out	0.021699	5027	49546	Flavobacteriaceae
ERR3452318.kaiju.out	0.020318	4707	81852	Enterococcaceae
ERR3452318.kaiju.out	0.020197	4679	171551	Porphyromonadaceae
ERR3452318.kaiju.out	0.019433	4502	194924	Desulfovibrionaceae
ERR3452318.kaiju.out	0.018621	4314	641	Vibrionaceae
ERR3452318.kaiju.out	0.018155	4206	119060	Burkholderiaceae
ERR3452318.kaiju.out	0.016860	3906	2092	Mycoplasmataceae
ERR3452318.kaiju.out	0.016023	3712	712	Pasteurellaceae
ERR3452318.kaiju.out	0.015405	3569	41295	Rhodospirillaceae
ERR3452318.kaiju.out	0.013221	3063	186828	Carnobacteriaceae
ERR3452318.kaiju.out	0.013049	3023	481	Neisseriaceae
ERR3452318.kaiju.out	0.012798	2965	1046	Chromatiaceae
ERR3452318.kaiju.out	0.012254	2839	203492	Fusobacteriaceae
ERR3452318.kaiju.out	0.011883	2753	468	Moraxellaceae
ERR3452318.kaiju.out	0.011400	2641	1843490	Sporomusaceae
ERR3452318.kaiju.out	0.010761	2493	995019	Sutterellaceae
ERR3452318.kaiju.out	0.010696	2478	186820	Listeriaceae
ERR3452318.kaiju.out	0.009893	2292	41294	Bradyrhizobiaceae
ERR3452318.kaiju.out	0.008775	2033	82115	Rhizobiaceae
ERR3452318.kaiju.out	0.008762	2030	85017	Promicromonosporaceae
ERR3452318.kaiju.out	0.008322	1928	83763	Succinivibrionaceae
ERR3452318.kaiju.out	0.008093	1875	1653	Corynebacteriaceae
ERR3452318.kaiju.out	0.008033	1861	90964	Staphylococcaceae
ERR3452318.kaiju.out	0.007990	1851	2005520	Dysgonomonadaceae
ERR3452318.kaiju.out	0.007981	1849	2146	Acholeplasmataceae
ERR3452318.kaiju.out	0.007903	1831	2005519	Barnesiellaceae
ERR3452318.kaiju.out	0.007847	1818	2005473	Muribaculaceae
ERR3452318.kaiju.out	0.007597	1760	1129771	Leptotrichiaceae
ERR3452318.kaiju.out	0.007364	1706	84566	Sphingobacteriaceae
ERR3452318.kaiju.out	0.007303	1692	31989	Rhodobacteraceae
ERR3452318.kaiju.out	0.007239	1677	186814	Thermoanaerobacteraceae
ERR3452318.kaiju.out	0.007165	1660	292628	Anaerolineaceae
ERR3452318.kaiju.out	0.006501	1506	75682	Oxalobacteraceae
ERR3452318.kaiju.out	0.006440	1492	204431	Fibrobacteraceae
ERR3452318.kaiju.out	0.006285	1456	186827	Aerococcaceae
ERR3452318.kaiju.out	0.006229	1443	1268	Micrococcaceae
ERR3452318.kaiju.out	0.006181	1432	1737406	Tissierellaceae
ERR3452318.kaiju.out	0.005646	1308	267888	Pseudoalteromonadaceae
ERR3452318.kaiju.out	0.005486	1271	2062	Streptomycetaceae
ERR3452318.kaiju.out	0.005201	1205	563835	Chitinophagaceae
ERR3452318.kaiju.out	0.004856	1125	186818	Planococcaceae
ERR3452318.kaiju.out	0.004800	1112	68298	Syntrophomonadaceae
ERR3452318.kaiju.out	0.004800	1112	2762318	Weeksellaceae
ERR3452318.kaiju.out	0.004731	1096	506	Alcaligenaceae
ERR3452318.kaiju.out	0.004623	1071	80864	Comamonadaceae
ERR3452318.kaiju.out	0.004515	1046	135620	Oceanospirillaceae
ERR3452318.kaiju.out	0.004446	1030	186823	Alicyclobacillaceae
ERR3452318.kaiju.out	0.004442	1029	1647988	Akkermansiaceae
ERR3452318.kaiju.out	0.004407	1021	89373	Cytophagaceae
ERR3452318.kaiju.out	0.004377	1014	72294	Campylobacteraceae
ERR3452318.kaiju.out	0.004187	970	72275	Alteromonadaceae
ERR3452318.kaiju.out	0.004174	967	84642	Aeromonadaceae
ERR3452318.kaiju.out	0.003928	910	31957	Propionibacteriaceae
ERR3452318.kaiju.out	0.003906	905	143786	Brachyspiraceae
ERR3452318.kaiju.out	0.003885	900	85023	Microbacteriaceae
ERR3452318.kaiju.out	0.003824	886	543371	Thermoanaerobacterales Family III. Incertae Sedis
ERR3452318.kaiju.out	0.003626	840	444	Legionellaceae
ERR3452318.kaiju.out	0.003613	837	2770092	Tepidanaerobacteraceae
ERR3452318.kaiju.out	0.003609	836	424536	Catabacteriaceae
ERR3452318.kaiju.out	0.003596	833	186821	Sporolactobacillaceae
ERR3452318.kaiju.out	0.003565	826	186824	Thermoactinomycetaceae
ERR3452318.kaiju.out	0.003552	823	41297	Sphingomonadaceae
ERR3452318.kaiju.out	0.003540	820	2212440	Thiofilaceae
ERR3452318.kaiju.out	0.003168	734	32033	Xanthomonadaceae
ERR3452318.kaiju.out	0.003168	734	213422	Geobacteraceae
ERR3452318.kaiju.out	0.003121	723	32011	Methylophilaceae
ERR3452318.kaiju.out	0.003065	710	972	Halanaerobiaceae
ERR3452318.kaiju.out	0.003022	700	213117	Desulfohalobiaceae
ERR3452318.kaiju.out	0.002996	694	213119	Desulfobacteraceae
ERR3452318.kaiju.out	0.002931	679	119045	Methylobacteriaceae
ERR3452318.kaiju.out	0.002767	641	543313	Clostridiales Family XII. Incertae Sedis
ERR3452318.kaiju.out	0.002611	605	2206	Methanosarcinaceae
ERR3452318.kaiju.out	0.002599	602	2131	Spiroplasmataceae
ERR3452318.kaiju.out	0.002573	596	1471398	Prolixibacteraceae
ERR3452318.kaiju.out	0.002564	594	1706371	Cellvibrionaceae
ERR3452318.kaiju.out	0.002426	562	28256	Halomonadaceae
ERR3452318.kaiju.out	0.002348	544	543347	Clostridiales Family XVI. Incertae Sedis
ERR3452318.kaiju.out	0.002340	542	2042895	Gottschalkiaceae
ERR3452318.kaiju.out	0.002331	540	81850	Leuconostocaceae
ERR3452318.kaiju.out	0.002223	515	206379	Nitrosomonadaceae
ERR3452318.kaiju.out	0.002175	504	563798	Cyclobacteriaceae
ERR3452318.kaiju.out	0.002124	492	558415	Marinilabiliaceae
ERR3452318.kaiju.out	0.002115	490	2070	Pseudonocardiaceae
ERR3452318.kaiju.out	0.002111	489	1240483	Orbaceae
ERR3452318.kaiju.out	0.002111	489	1499392	Chromobacteriaceae
ERR3452318.kaiju.out	0.002081	482	72293	Helicobacteraceae
ERR3452318.kaiju.out	0.001942	450	267890	Shewanellaceae
ERR3452318.kaiju.out	0.001882	436	403	Methylococcaceae
ERR3452318.kaiju.out	0.001856	430	543372	Thermoanaerobacterales Family IV. Incertae Sedis
ERR3452318.kaiju.out	0.001852	429	72276	Ectothiorhodospiraceae
ERR3452318.kaiju.out	0.001847	428	2008794	Zoogloeaceae
ERR3452318.kaiju.out	0.001826	423	715221	Caldicoprobacteraceae
ERR3452318.kaiju.out	0.001783	413	53434	Halobacteroidaceae
ERR3452318.kaiju.out	0.001783	413	85021	Intrasporangiaceae
ERR3452318.kaiju.out	0.001778	412	1853232	Hymenobacteraceae
ERR3452318.kaiju.out	0.001774	411	170	Leptospiraceae
ERR3452318.kaiju.out	0.001727	400	2770093	Thermosediminibacteraceae
ERR3452318.kaiju.out	0.001627	377	31	Myxococcaceae
ERR3452318.kaiju.out	0.001537	356	2005523	Paludibacteraceae
ERR3452318.kaiju.out	0.001524	353	1706372	Halieaceae
ERR3452318.kaiju.out	0.001519	352	69277	Phyllobacteriaceae
ERR3452318.kaiju.out	0.001455	337	2093822	Candidatus Nanosynbacteraceae
ERR3452318.kaiju.out	0.001450	336	204434	Acidobacteriaceae
ERR3452318.kaiju.out	0.001411	327	85025	Nocardiaceae
ERR3452318.kaiju.out	0.001411	327	267893	Idiomarinaceae
ERR3452318.kaiju.out	0.001390	322	1892252	Microcoleaceae
ERR3452318.kaiju.out	0.001381	320	85016	Cellulomonadaceae
ERR3452318.kaiju.out	0.001360	315	45401	Hyphomicrobiaceae
ERR3452318.kaiju.out	0.001355	314	213121	Desulfobulbaceae
ERR3452318.kaiju.out	0.001342	311	2800061	Maricaulaceae
ERR3452318.kaiju.out	0.001334	309	1775411	Rhodanobacteraceae
ERR3452318.kaiju.out	0.001325	307	183710	Deinococcaceae
ERR3452318.kaiju.out	0.001291	299	2194	Methanomicrobiaceae
ERR3452318.kaiju.out	0.001273	295	1185407	Defluviitaleaceae
ERR3452318.kaiju.out	0.001222	283	1202464	Dehalococcoidaceae
ERR3452318.kaiju.out	0.001196	277	213421	Desulfuromonadaceae
ERR3452318.kaiju.out	0.001170	271	2066474	Endozoicomonadaceae
ERR3452318.kaiju.out	0.001131	262	2008795	Azonexaceae
ERR3452318.kaiju.out	0.001122	260	267889	Colwelliaceae
ERR3452318.kaiju.out	0.001114	258	2483367	Sedimentisphaeraceae
ERR3452318.kaiju.out	0.001105	256	134623	Opitutaceae
ERR3452318.kaiju.out	0.001101	255	2259	Thermococcaceae
ERR3452318.kaiju.out	0.001075	249	1762	Mycobacteriaceae
ERR3452318.kaiju.out	0.001058	245	28056	Micromonosporaceae
ERR3452318.kaiju.out	0.001058	245	85015	Nocardioidaceae
ERR3452318.kaiju.out	0.001053	244	1491775	Proteinivoraceae
ERR3452318.kaiju.out	0.001045	242	85026	Gordoniaceae
ERR3452318.kaiju.out	0.001014	235	85030	Geodermatophilaceae
ERR3452318.kaiju.out	0.000984	228	213465	Syntrophobacteraceae
ERR3452318.kaiju.out	0.000911	211	126	Planctomycetaceae
ERR3452318.kaiju.out	0.000898	208	868	Cardiobacteriaceae
ERR3452318.kaiju.out	0.000898	208	191412	Chlorobiaceae
ERR3452318.kaiju.out	0.000894	207	1643949	Petrotogaceae
ERR3452318.kaiju.out	0.000876	203	539000	Clostridiales Family XVII. Incertae Sedis
ERR3452318.kaiju.out	0.000850	197	200667	Flammeovirgaceae
ERR3452318.kaiju.out	0.000820	190	76892	Caulobacteraceae
ERR3452318.kaiju.out	0.000799	185	135616	Piscirickettsiaceae
ERR3452318.kaiju.out	0.000790	183	1890426	Synechococcaceae
ERR3452318.kaiju.out	0.000751	174	541019	Gracilibacteraceae
ERR3452318.kaiju.out	0.000747	173	213483	Bdellovibrionaceae
ERR3452318.kaiju.out	0.000729	169	188711	Thermodesulfobacteriaceae
ERR3452318.kaiju.out	0.000729	169	267891	Moritellaceae
ERR3452318.kaiju.out	0.000725	168	188786	Thermaceae
ERR3452318.kaiju.out	0.000717	166	213468	Syntrophaceae
ERR3452318.kaiju.out	0.000712	165	2812006	Bruguierivoracaceae
ERR3452318.kaiju.out	0.000699	162	1892259	Aphanizomenonaceae
ERR3452318.kaiju.out	0.000686	159	191394	Deferribacteraceae
ERR3452318.kaiju.out	0.000635	147	2004	Streptosporangiaceae
ERR3452318.kaiju.out	0.000635	147	1706375	Spongiibacteraceae
ERR3452318.kaiju.out	0.000635	147	2038695	Williamwhitmaniaceae
ERR3452318.kaiju.out	0.000622	144	134621	Verrucomicrobia subdivision 3
ERR3452318.kaiju.out	0.000617	143	188709	Thermotogaceae
ERR3452318.kaiju.out	0.000609	141	213116	Desulfomicrobiaceae
ERR3452318.kaiju.out	0.000609	141	566277	Lentisphaeraceae
ERR3452318.kaiju.out	0.000600	139	1643950	Fervidobacteriaceae
ERR3452318.kaiju.out	0.000596	138	118968	Coxiellaceae
ERR3452318.kaiju.out	0.000587	136	539003	Bacillales Family X. Incertae Sedis
ERR3452318.kaiju.out	0.000583	135	1042322	Demequinaceae
ERR3452318.kaiju.out	0.000583	135	2691357	Pirellulaceae
ERR3452318.kaiju.out	0.000565	131	135617	Thiotrichaceae
ERR3452318.kaiju.out	0.000561	130	1191479	Magnetococcaceae
ERR3452318.kaiju.out	0.000561	130	1890438	Leptolyngbyaceae
ERR3452318.kaiju.out	0.000557	129	558314	Desulfurobacteriaceae
ERR3452318.kaiju.out	0.000535	124	655351	Cohaesibacteraceae
ERR3452318.kaiju.out	0.000531	123	189779	Nitrospiraceae
ERR3452318.kaiju.out	0.000514	119	83676	Nocardiopsaceae
ERR3452318.kaiju.out	0.000509	118	471823	Haloplasmataceae
ERR3452318.kaiju.out	0.000501	116	1577788	Methanomassiliicoccaceae
ERR3452318.kaiju.out	0.000496	115	2762286	Fulvivirgaceae
ERR3452318.kaiju.out	0.000466	108	33925	Entomoplasmataceae
ERR3452318.kaiju.out	0.000458	106	64898	Aquificaceae
ERR3452318.kaiju.out	0.000453	105	335929	Erythrobacteraceae
ERR3452318.kaiju.out	0.000449	104	2762306	Roseivirgaceae
ERR3452318.kaiju.out	0.000436	101	255475	Aurantimonadaceae
ERR3452318.kaiju.out	0.000436	101	335928	Xanthobacteraceae
ERR3452318.kaiju.out	0.000427	99	203557	Verrucomicrobiaceae
ERR3452318.kaiju.out	0.000427	99	453228	Desulfarculaceae
ERR3452318.kaiju.out	0.000423	98	543349	Symbiobacteriaceae
ERR3452318.kaiju.out	0.000414	96	942	Anaplasmataceae
ERR3452318.kaiju.out	0.000414	96	1573805	Marinifilaceae
ERR3452318.kaiju.out	0.000410	95	31993	Methylocystaceae
ERR3452318.kaiju.out	0.000406	94	1643948	Kosmotogaceae
ERR3452318.kaiju.out	0.000406	94	2771471	Thiovulaceae
ERR3452318.kaiju.out	0.000401	93	1213	Prochloraceae
ERR3452318.kaiju.out	0.000397	92	69657	Hyphomonadaceae
ERR3452318.kaiju.out	0.000397	92	1508635	Roseiflexaceae
ERR3452318.kaiju.out	0.000393	91	224372	Alcanivoracaceae
ERR3452318.kaiju.out	0.000393	91	224379	Hahellaceae
ERR3452318.kaiju.out	0.000388	90	92713	Parachlamydiaceae
ERR3452318.kaiju.out	0.000384	89	39	Archangiaceae
ERR3452318.kaiju.out	0.000376	87	1813606	Balneolaceae
ERR3452318.kaiju.out	0.000358	83	415002	Puniceicoccaceae
ERR3452318.kaiju.out	0.000358	83	1853230	Crocinitomicaceae
ERR3452318.kaiju.out	0.000350	81	88404	Methanocorpusculaceae
ERR3452318.kaiju.out	0.000345	80	485255	Natranaerobiaceae
ERR3452318.kaiju.out	0.000337	78	74712	Frankiaceae
ERR3452318.kaiju.out	0.000337	78	568386	Sinobacteraceae
ERR3452318.kaiju.out	0.000332	77	2812024	Syntrophotaleaceae
ERR3452318.kaiju.out	0.000324	75	75787	Rhodocyclaceae
ERR3452318.kaiju.out	0.000311	72	85019	Brevibacteriaceae
ERR3452318.kaiju.out	0.000298	69	1106	Chloroflexaceae
ERR3452318.kaiju.out	0.000298	69	219687	Gemmatimonadaceae
ERR3452318.kaiju.out	0.000298	69	2771472	Sulfurovaceae
ERR3452318.kaiju.out	0.000289	67	2012	Thermomonosporaceae
ERR3452318.kaiju.out	0.000285	66	85020	Dermabacteraceae
ERR3452318.kaiju.out	0.000285	66	563843	Rhodothermaceae
ERR3452318.kaiju.out	0.000281	65	118882	Brucellaceae
ERR3452318.kaiju.out	0.000281	65	1382930	Ardenticatenaceae
ERR3452318.kaiju.out	0.000272	63	84994	Acidimicrobiaceae
ERR3452318.kaiju.out	0.000272	63	1937960	Lewinellaceae
ERR3452318.kaiju.out	0.000268	62	145360	Sanguibacteraceae
ERR3452318.kaiju.out	0.000263	61	203488	Dictyoglomaceae
ERR3452318.kaiju.out	0.000259	60	39782	Blattabacteriaceae
ERR3452318.kaiju.out	0.000250	58	772	Bartonellaceae
ERR3452318.kaiju.out	0.000250	58	1763524	Isosphaeraceae
ERR3452318.kaiju.out	0.000250	58	2762301	Marivirgaceae
ERR3452318.kaiju.out	0.000246	57	2232	Archaeoglobaceae
ERR3452318.kaiju.out	0.000246	57	1962854	Calditrichaceae
ERR3452318.kaiju.out	0.000242	56	255527	Saccharospirillaceae
ERR3452318.kaiju.out	0.000237	55	85034	Glycomycetaceae
ERR3452318.kaiju.out	0.000237	55	1937962	Microscillaceae
ERR3452318.kaiju.out	0.000233	54	1524215	Anaeromyxobacteraceae
ERR3452318.kaiju.out	0.000229	53	117942	Desulfurellaceae
ERR3452318.kaiju.out	0.000229	53	267892	Ferrimonadaceae
ERR3452318.kaiju.out	0.000229	53	1892251	Coleofasciculaceae
ERR3452318.kaiju.out	0.000224	52	263369	Bacteriovoracaceae
ERR3452318.kaiju.out	0.000220	51	1162	Nostocaceae
ERR3452318.kaiju.out	0.000216	50	34064	Francisellaceae
ERR3452318.kaiju.out	0.000216	50	224027	Hydrogenothermaceae
ERR3452318.kaiju.out	0.000212	49	49	Polyangiaceae
ERR3452318.kaiju.out	0.000212	49	475964	Caldilineaceae
ERR3452318.kaiju.out	0.000212	49	1937961	Haliscomenobacteraceae
ERR3452318.kaiju.out	0.000207	48	1655514	Pelagibacteraceae
ERR3452318.kaiju.out	0.000207	48	1771359	Thorselliaceae
ERR3452318.kaiju.out	0.000203	47	2183	Methanococcaceae
ERR3452318.kaiju.out	0.000203	47	84997	Rubrobacteraceae
ERR3452318.kaiju.out	0.000203	47	267894	Psychromonadaceae
ERR3452318.kaiju.out	0.000199	46	89374	Saprospiraceae
ERR3452318.kaiju.out	0.000199	46	1706373	Microbulbiferaceae
ERR3452318.kaiju.out	0.000199	46	1890436	Pseudanabaenaceae
ERR3452318.kaiju.out	0.000199	46	2811504	Thermodesulfovibrionaceae
ERR3452318.kaiju.out	0.000194	45	641876	Elusimicrobiaceae
ERR3452318.kaiju.out	0.000194	45	1127830	Candidatus Brocadiaceae
ERR3452318.kaiju.out	0.000194	45	1676650	Limnochordaceae
ERR3452318.kaiju.out	0.000194	45	2762317	Thermoflexibacteraceae
ERR3452318.kaiju.out	0.000194	45	2813951	Terasakiellaceae
ERR3452318.kaiju.out	0.000190	44	85018	Dermatophilaceae
ERR3452318.kaiju.out	0.000190	44	1890422	Gloeobacteraceae
ERR3452318.kaiju.out	0.000186	43	809	Chlamydiaceae
ERR3452318.kaiju.out	0.000186	43	2048906	Pyrinomonadaceae
ERR3452318.kaiju.out	0.000181	42	2661849	Calotrichaceae
ERR3452318.kaiju.out	0.000173	40	83778	Kineosporiaceae
ERR3452318.kaiju.out	0.000173	40	189770	Chrysiogenaceae
ERR3452318.kaiju.out	0.000168	39	224467	Nautiliaceae
ERR3452318.kaiju.out	0.000168	39	574976	Holophagaceae
ERR3452318.kaiju.out	0.000168	39	596498	Nitriliruptoraceae
ERR3452318.kaiju.out	0.000168	39	1198451	Methanoregulaceae
ERR3452318.kaiju.out	0.000168	39	1400857	Candidatus Competibacteraceae
ERR3452318.kaiju.out	0.000164	38	46659	Thermoplasmataceae
ERR3452318.kaiju.out	0.000164	38	320599	Solirubrobacteraceae
ERR3452318.kaiju.out	0.000164	38	407032	Nitrospinaceae
ERR3452318.kaiju.out	0.000164	38	1890448	Spirulinaceae
ERR3452318.kaiju.out	0.000160	37	388449	Ktedonobacteraceae
ERR3452318.kaiju.out	0.000160	37	1522127	Catalimonadaceae
ERR3452318.kaiju.out	0.000160	37	1892254	Oscillatoriaceae
ERR3452318.kaiju.out	0.000151	35	320796	Thermoleophilaceae
ERR3452318.kaiju.out	0.000151	35	1644061	Natrialbaceae
ERR3452318.kaiju.out	0.000151	35	1648490	Rubritaleaceae
ERR3452318.kaiju.out	0.000151	35	2008790	Thiobacillaceae
ERR3452318.kaiju.out	0.000147	34	332161	Solibacteraceae
ERR3452318.kaiju.out	0.000147	34	1644056	Haloferacaceae
ERR3452318.kaiju.out	0.000147	34	1920240	Kangiellaceae
ERR3452318.kaiju.out	0.000142	33	1524213	Vulgatibacteraceae
ERR3452318.kaiju.out	0.000142	33	1890450	Aphanothecaceae
ERR3452318.kaiju.out	0.000138	32	775	Rickettsiaceae
ERR3452318.kaiju.out	0.000138	32	145357	Dermacoccaceae
ERR3452318.kaiju.out	0.000138	32	224463	Nannocystaceae
ERR3452318.kaiju.out	0.000138	32	2762276	Cesiribacteraceae
ERR3452318.kaiju.out	0.000134	31	85002	Sphaerobacteraceae
ERR3452318.kaiju.out	0.000134	31	189773	Herpetosiphonaceae
ERR3452318.kaiju.out	0.000134	31	768668	Thermogemmatisporaceae
ERR3452318.kaiju.out	0.000134	31	1331736	Ruaniaceae
ERR3452318.kaiju.out	0.000134	31	1333713	Schleiferiaceae
ERR3452318.kaiju.out	0.000134	31	1970190	Salinivirgaceae
ERR3452318.kaiju.out	0.000129	30	224380	Desulfonatronaceae
ERR3452318.kaiju.out	0.000129	30	795749	Ignavibacteriaceae
ERR3452318.kaiju.out	0.000129	30	1783343	Endomicrobiaceae
ERR3452318.kaiju.out	0.000129	30	1892263	Hapalosiphonaceae
ERR3452318.kaiju.out	0.000129	30	2138247	Coprothermobacteraceae
ERR3452318.kaiju.out	0.000125	29	320583	Conexibacteraceae
ERR3452318.kaiju.out	0.000125	29	570265	Methanocellaceae
ERR3452318.kaiju.out	0.000125	29	1524216	Labilitrichaceae
ERR3452318.kaiju.out	0.000125	29	1853234	Persicobacteraceae
ERR3452318.kaiju.out	0.000125	29	2762302	Reichenbachiellaceae
ERR3452318.kaiju.out	0.000125	29	2805400	Actinopolymorphaceae
ERR3452318.kaiju.out	0.000121	28	1100104	Brevinemataceae
ERR3452318.kaiju.out	0.000121	28	1890464	Chroococcaceae
ERR3452318.kaiju.out	0.000121	28	2008793	Sterolibacteriaceae
ERR3452318.kaiju.out	0.000121	28	2517203	Candidatus Methanomethylophilaceae
ERR3452318.kaiju.out	0.000121	28	2690158	Anaerohalosphaeraceae
ERR3452318.kaiju.out	0.000121	28	2815910	Geminocystaceae
ERR3452318.kaiju.out	0.000117	27	1769717	Mesoaciditogaceae
ERR3452318.kaiju.out	0.000117	27	1853233	Thermonemataceae
ERR3452318.kaiju.out	0.000117	27	1914233	Gemmataceae
ERR3452318.kaiju.out	0.000112	26	118883	Sulfolobaceae
ERR3452318.kaiju.out	0.000112	26	143067	Methanotrichaceae
ERR3452318.kaiju.out	0.000112	26	224464	Kofleriaceae
ERR3452318.kaiju.out	0.000112	26	255474	Parvularculaceae
ERR3452318.kaiju.out	0.000112	26	1486721	Methylothermaceae
ERR3452318.kaiju.out	0.000112	26	1663426	Fimbriimonadaceae
ERR3452318.kaiju.out	0.000112	26	1892264	Fortieaceae
ERR3452318.kaiju.out	0.000108	25	89377	Crenotrichaceae
ERR3452318.kaiju.out	0.000108	25	189777	Thermomicrobiaceae
ERR3452318.kaiju.out	0.000108	25	1840213	Lentimicrobiaceae
ERR3452318.kaiju.out	0.000108	25	2762316	Terrimicrobiaceae
ERR3452318.kaiju.out	0.000104	24	693073	Caldisericaceae
ERR3452318.kaiju.out	0.000104	24	1334117	Melioribacteraceae
ERR3452318.kaiju.out	0.000104	24	1442156	Ferrovaceae
ERR3452318.kaiju.out	0.000104	24	1643685	Borreliaceae
ERR3452318.kaiju.out	0.000104	24	1963271	Halorubraceae
ERR3452318.kaiju.out	0.000099	23	85031	Nakamurellaceae
ERR3452318.kaiju.out	0.000099	23	206349	Hydrogenophilaceae
ERR3452318.kaiju.out	0.000099	23	225058	Acidithiobacillaceae
ERR3452318.kaiju.out	0.000099	23	1077264	Chthonomonadaceae
ERR3452318.kaiju.out	0.000099	23	1963268	Haloarculaceae
ERR3452318.kaiju.out	0.000099	23	2211325	Vicinamibacteraceae
ERR3452318.kaiju.out	0.000095	22	246874	Cryomorphaceae
ERR3452318.kaiju.out	0.000095	22	1921783	Kiritimatiellaceae
ERR3452318.kaiju.out	0.000091	21	196117	Methanocaldococcaceae
ERR3452318.kaiju.out	0.000091	21	1937968	Bernardetiaceae
ERR3452318.kaiju.out	0.000086	20	255526	Halothiobacillaceae
ERR3452318.kaiju.out	0.000086	20	1777752	Candidatus Paracaedibacteraceae
ERR3452318.kaiju.out	0.000082	19	1860138	Chitinispirillaceae
ERR3452318.kaiju.out	0.000082	19	2152899	Candidatus Fermentibacteraceae
ERR3452318.kaiju.out	0.000082	19	2448023	Ilumatobacteraceae
ERR3452318.kaiju.out	0.000082	19	2813035	Parvibaculaceae
ERR3452318.kaiju.out	0.000078	18	597359	Kiloniellaceae
ERR3452318.kaiju.out	0.000078	18	1055686	Sandaracinaceae
ERR3452318.kaiju.out	0.000078	18	1392996	Candidatus Methanoperedenaceae
ERR3452318.kaiju.out	0.000078	18	1890500	Hyellaceae
ERR3452318.kaiju.out	0.000078	18	2303730	Prochlorotrichaceae
ERR3452318.kaiju.out	0.000073	17	1182	Scytonemataceae
ERR3452318.kaiju.out	0.000073	17	45404	Beijerinckiaceae
ERR3452318.kaiju.out	0.000073	17	119043	Rhodobiaceae
ERR3452318.kaiju.out	0.000073	17	332247	Trueperaceae
ERR3452318.kaiju.out	0.000073	17	1331809	Kordiimonadaceae
ERR3452318.kaiju.out	0.000073	17	1505234	Chitinivibrionaceae
ERR3452318.kaiju.out	0.000073	17	1738654	Woeseiaceae
ERR3452318.kaiju.out	0.000073	17	2100208	Caedimonadaceae
ERR3452318.kaiju.out	0.000073	17	2805586	Lawsonellaceae
ERR3452318.kaiju.out	0.000069	16	2236	Halobacteriaceae
ERR3452318.kaiju.out	0.000069	16	2272	Desulfurococcaceae
ERR3452318.kaiju.out	0.000069	16	227387	Thermodesulfobiaceae
ERR3452318.kaiju.out	0.000069	16	513556	Syntrophorhabdaceae
ERR3452318.kaiju.out	0.000069	16	2805416	Jatrophihabitantaceae
ERR3452318.kaiju.out	0.000065	15	196137	Methanospirillaceae
ERR3452318.kaiju.out	0.000065	15	666507	Phycisphaeraceae
ERR3452318.kaiju.out	0.000065	15	1890428	Merismopediaceae
ERR3452318.kaiju.out	0.000065	15	1902584	Candidatus Desulfofervidaceae
ERR3452318.kaiju.out	0.000065	15	2805590	Ornithinimicrobiaceae
ERR3452318.kaiju.out	0.000060	14	2267	Thermoproteaceae
ERR3452318.kaiju.out	0.000060	14	338190	Nitrosopumilaceae
ERR3452318.kaiju.out	0.000060	14	361606	Patulibacteraceae
ERR3452318.kaiju.out	0.000060	14	580372	Mariprofundaceae
ERR3452318.kaiju.out	0.000060	14	1676141	Wenzhouxiangellaceae
ERR3452318.kaiju.out	0.000060	14	1692041	Acidiferrobacteraceae
ERR3452318.kaiju.out	0.000060	14	1868322	Candidatus Thermochlorobacteriaceae
ERR3452318.kaiju.out	0.000060	14	2762284	Flexibacteraceae
ERR3452318.kaiju.out	0.000060	14	2800062	Robiginitomaculaceae
ERR3452318.kaiju.out	0.000056	13	742031	Salinisphaeraceae
ERR3452318.kaiju.out	0.000056	13	1963270	Halococcaceae
ERR3452318.kaiju.out	0.000056	13	2066434	Geminicoccaceae
ERR3452318.kaiju.out	0.000052	12	1185	Rivulariaceae
ERR3452318.kaiju.out	0.000052	12	85022	Jonesiaceae
ERR3452318.kaiju.out	0.000052	12	1460864	Methanocalculaceae
ERR3452318.kaiju.out	0.000052	12	1652132	Halobacteriovoraceae
ERR3452318.kaiju.out	0.000052	12	1798913	Microthrixaceae
ERR3452318.kaiju.out	0.000052	12	1836792	Chthoniobacteraceae
ERR3452318.kaiju.out	0.000052	12	1890431	Chamaesiphonaceae
ERR3452318.kaiju.out	0.000052	12	1962910	Bryobacteraceae
ERR3452318.kaiju.out	0.000052	12	2024974	Silvanigrellaceae
ERR3452318.kaiju.out	0.000052	12	2795691	Nitratiruptoraceae
ERR3452318.kaiju.out	0.000047	11	225059	Thermithiobacillaceae
ERR3452318.kaiju.out	0.000047	11	510685	Sneathiellaceae
ERR3452318.kaiju.out	0.000047	11	1217100	Jiangellaceae
ERR3452318.kaiju.out	0.000047	11	1328881	Candidatus Midichloriaceae
ERR3452318.kaiju.out	0.000047	11	1706374	Porticoccaceae
ERR3452318.kaiju.out	0.000047	11	1934946	Immundisolibacteraceae
ERR3452318.kaiju.out	0.000047	11	2137278	Salinarimonadaceae
ERR3452318.kaiju.out	0.000043	10	85028	Tsukamurellaceae
ERR3452318.kaiju.out	0.000043	10	717964	Methylacidiphilaceae
ERR3452318.kaiju.out	0.000043	10	2772226	Sulfuricellaceae
ERR3452318.kaiju.out	0.000039	9	44746	Holosporaceae
ERR3452318.kaiju.out	0.000039	9	92712	Simkaniaceae
ERR3452318.kaiju.out	0.000039	9	1266054	Algiphilaceae
ERR3452318.kaiju.out	0.000039	9	1890528	Chroococcidiopsidaceae
ERR3452318.kaiju.out	0.000039	9	1915415	Candidatus Methanomethyliaceae
ERR3452318.kaiju.out	0.000039	9	2301193	Balneatrichaceae
ERR3452318.kaiju.out	0.000039	9	2562242	Thermoanaerobaculaceae
ERR3452318.kaiju.out	0.000039	9	2726069	Kribbellaceae
ERR3452318.kaiju.out	0.000035	8	2307	Pyrodictiaceae
ERR3452318.kaiju.out	0.000035	8	90627	Gallionellaceae
ERR3452318.kaiju.out	0.000035	8	104174	Oscillochloridaceae
ERR3452318.kaiju.out	0.000035	8	114378	Thermofilaceae
ERR3452318.kaiju.out	0.000035	8	125316	Beutenbergiaceae
ERR3452318.kaiju.out	0.000035	8	412447	Criblamydiaceae
ERR3452318.kaiju.out	0.000035	8	414877	Catenulisporaceae
ERR3452318.kaiju.out	0.000035	8	1501348	Amoebophilaceae
ERR3452318.kaiju.out	0.000035	8	1553902	Oligoflexaceae
ERR3452318.kaiju.out	0.000035	8	1892249	Cyanothecaceae
ERR3452318.kaiju.out	0.000030	7	85033	Sporichthyaceae
ERR3452318.kaiju.out	0.000030	7	90142	Ferroplasmaceae
ERR3452318.kaiju.out	0.000030	7	1033997	Nitrososphaeraceae
ERR3452318.kaiju.out	0.000030	7	1890429	Acaryochloridaceae
ERR3452318.kaiju.out	0.000030	7	1969992	Desertifilaceae
ERR3452318.kaiju.out	0.000026	6	119859	Tolypothrichaceae
ERR3452318.kaiju.out	0.000026	6	660062	Methermicoccaceae
ERR3452318.kaiju.out	0.000026	6	1890449	Microcystaceae
ERR3452318.kaiju.out	0.000026	6	1892255	Gomontiellaceae
ERR3452318.kaiju.out	0.000022	5	2178	Methanothermaceae
ERR3452318.kaiju.out	0.000022	5	292630	Hydrogenimonaceae
ERR3452318.kaiju.out	0.000022	5	1890499	Xenococcaceae
ERR3452318.kaiju.out	0.000022	5	2212439	Thiolinaceae
ERR3452318.kaiju.out	0.000017	4	622451	Actinopolysporaceae
ERR3452318.kaiju.out	0.000017	4	1747776	Cuniculiplasmataceae
ERR3452318.kaiju.out	0.000017	4	1955043	Gloeomargaritaceae
ERR3452318.kaiju.out	0.000017	4	2689614	Steroidobacteraceae
ERR3452318.kaiju.out	0.000017	4	2814874	Neomegalonemataceae
ERR3452318.kaiju.out	0.000013	3	1189	Stigonemataceae
ERR3452318.kaiju.out	0.000013	3	85029	Dietziaceae
ERR3452318.kaiju.out	0.000013	3	85032	Acidothermaceae
ERR3452318.kaiju.out	0.000013	3	205957	Cenarchaeaceae
ERR3452318.kaiju.out	0.000013	3	622454	Cryptosporangiaceae
ERR3452318.kaiju.out	0.000013	3	871007	Acidilobaceae
ERR3452318.kaiju.out	0.000013	3	1890498	Dermocarpellaceae
ERR3452318.kaiju.out	0.000013	3	1892261	Chlorogloeopsidaceae
ERR3452318.kaiju.out	0.000013	3	2036754	Chelatococcaceae
ERR3452318.kaiju.out	0.000013	3	2056687	Fastidiosibacteraceae
ERR3452318.kaiju.out	0.000013	3	2690195	Elioraeaceae
ERR3452318.kaiju.out	0.000009	2	183713	Methanopyraceae
ERR3452318.kaiju.out	0.000009	2	316606	Segniliparaceae
ERR3452318.kaiju.out	0.000009	2	1769745	Pseudobacteriovoracaceae
ERR3452318.kaiju.out	0.000009	2	1890497	Hydrococcaceae
ERR3452318.kaiju.out	0.000009	2	2805426	Kytococcaceae
ERR3452318.kaiju.out	0.000004	1	46630	Picrophilaceae
ERR3452318.kaiju.out	0.000004	1	1892258	Symphyonemataceae
ERR3452318.kaiju.out	0.000004	1	2497645	Candidatus Babeliaceae
ERR3452318.kaiju.out	0.000004	1	2805591	Tropherymataceae
ERR3452318.kaiju.out	0.584713	135461	10239	Viruses
ERR3452318.kaiju.out	10.682065	2474726	NA	cannot be assigned to a (non-viral) family
ERR3452318.kaiju.out	23.898672	5536632	NA	unclassified
file	percent	reads	taxon_id	taxon_name
ERR3452529.kaiju.out	18.037622	4467574	541000	Ruminococcaceae
ERR3452529.kaiju.out	9.186039	2275206	31953	Bifidobacteriaceae
ERR3452529.kaiju.out	7.881134	1952006	186803	Lachnospiraceae
ERR3452529.kaiju.out	7.576225	1876486	2159	Methanobacteriaceae
ERR3452529.kaiju.out	4.925173	1219871	815	Bacteroidaceae
ERR3452529.kaiju.out	3.430257	849609	31979	Clostridiaceae
ERR3452529.kaiju.out	2.951613	731058	31977	Veillonellaceae
ERR3452529.kaiju.out	2.352386	582641	186806	Eubacteriaceae
ERR3452529.kaiju.out	2.166098	536501	1853231	Odoribacteraceae
ERR3452529.kaiju.out	1.935462	479377	171550	Rikenellaceae
ERR3452529.kaiju.out	1.901507	470967	84107	Coriobacteriaceae
ERR3452529.kaiju.out	0.976454	241849	1643826	Eggerthellaceae
ERR3452529.kaiju.out	0.798201	197699	2810280	Coprobacillaceae
ERR3452529.kaiju.out	0.628333	155626	1643824	Atopobiaceae
ERR3452529.kaiju.out	0.412559	102183	216572	Oscillospiraceae
ERR3452529.kaiju.out	0.408998	101301	2005525	Tannerellaceae
ERR3452529.kaiju.out	0.318906	78987	186804	Peptostreptococcaceae
ERR3452529.kaiju.out	0.268051	66391	128827	Erysipelotrichaceae
ERR3452529.kaiju.out	0.234487	58078	543314	Clostridiales Family XIII. Incertae Sedis
ERR3452529.kaiju.out	0.188505	46689	171552	Prevotellaceae
ERR3452529.kaiju.out	0.168261	41675	1647988	Akkermansiaceae
ERR3452529.kaiju.out	0.133087	32963	2005519	Barnesiellaceae
ERR3452529.kaiju.out	0.119626	29629	990719	Christensenellaceae
ERR3452529.kaiju.out	0.118576	29369	1300	Streptococcaceae
ERR3452529.kaiju.out	0.088364	21886	2304686	Hungateiclostridiaceae
ERR3452529.kaiju.out	0.087286	21619	2049	Actinomycetaceae
ERR3452529.kaiju.out	0.080010	19817	186817	Bacillaceae
ERR3452529.kaiju.out	0.076538	18957	33958	Lactobacillaceae
ERR3452529.kaiju.out	0.073627	18236	186822	Paenibacillaceae
ERR3452529.kaiju.out	0.055628	13778	194924	Desulfovibrionaceae
ERR3452529.kaiju.out	0.047452	11753	2005473	Muribaculaceae
ERR3452529.kaiju.out	0.047380	11735	186807	Peptococcaceae
ERR3452529.kaiju.out	0.043290	10722	543	Enterobacteriaceae
ERR3452529.kaiju.out	0.037096	9188	1843491	Selenomonadaceae
ERR3452529.kaiju.out	0.036571	9058	137	Spirochaetaceae
ERR3452529.kaiju.out	0.028294	7008	909930	Acidaminococcaceae
ERR3452529.kaiju.out	0.026938	6672	2810281	Turicibacteraceae
ERR3452529.kaiju.out	0.026599	6588	1570339	Peptoniphilaceae
ERR3452529.kaiju.out	0.024378	6038	31984	Heliobacteriaceae
ERR3452529.kaiju.out	0.023643	5856	171551	Porphyromonadaceae
ERR3452529.kaiju.out	0.022085	5470	49546	Flavobacteriaceae
ERR3452529.kaiju.out	0.017119	4240	81852	Enterococcaceae
ERR3452529.kaiju.out	0.017058	4225	2062	Streptomycetaceae
ERR3452529.kaiju.out	0.016428	4069	433	Acetobacteraceae
ERR3452529.kaiju.out	0.014341	3552	2005520	Dysgonomonadaceae
ERR3452529.kaiju.out	0.013586	3365	649777	Synergistaceae
ERR3452529.kaiju.out	0.013025	3226	203492	Fusobacteriaceae
ERR3452529.kaiju.out	0.012593	3119	1843490	Sporomusaceae
ERR3452529.kaiju.out	0.012435	3080	75682	Oxalobacteraceae
ERR3452529.kaiju.out	0.011822	2928	41295	Rhodospirillaceae
ERR3452529.kaiju.out	0.010037	2486	1653	Corynebacteriaceae
ERR3452529.kaiju.out	0.009940	2462	186828	Carnobacteriaceae
ERR3452529.kaiju.out	0.009658	2392	424536	Catabacteriaceae
ERR3452529.kaiju.out	0.009585	2374	84566	Sphingobacteriaceae
ERR3452529.kaiju.out	0.009423	2334	90964	Staphylococcaceae
ERR3452529.kaiju.out	0.008769	2172	186814	Thermoanaerobacteraceae
ERR3452529.kaiju.out	0.008144	2017	204431	Fibrobacteraceae
ERR3452529.kaiju.out	0.007982	1977	1129771	Leptotrichiaceae
ERR3452529.kaiju.out	0.007106	1760	186820	Listeriaceae
ERR3452529.kaiju.out	0.006500	1610	85017	Promicromonosporaceae
ERR3452529.kaiju.out	0.006484	1606	2762318	Weeksellaceae
ERR3452529.kaiju.out	0.006407	1587	68298	Syntrophomonadaceae
ERR3452529.kaiju.out	0.006242	1546	82115	Rhizobiaceae
ERR3452529.kaiju.out	0.006032	1494	81850	Leuconostocaceae
ERR3452529.kaiju.out	0.006004	1487	85023	Microbacteriaceae
ERR3452529.kaiju.out	0.005745	1423	292628	Anaerolineaceae
ERR3452529.kaiju.out	0.005681	1407	563835	Chitinophagaceae
ERR3452529.kaiju.out	0.005531	1370	2259	Thermococcaceae
ERR3452529.kaiju.out	0.005519	1367	31957	Propionibacteriaceae
ERR3452529.kaiju.out	0.005402	1338	119060	Burkholderiaceae
ERR3452529.kaiju.out	0.005087	1260	1737406	Tissierellaceae
ERR3452529.kaiju.out	0.005019	1243	83763	Succinivibrionaceae
ERR3452529.kaiju.out	0.004962	1229	85025	Nocardiaceae
ERR3452529.kaiju.out	0.004801	1189	31989	Rhodobacteraceae
ERR3452529.kaiju.out	0.004768	1181	2093822	Candidatus Nanosynbacteraceae
ERR3452529.kaiju.out	0.004720	1169	135621	Pseudomonadaceae
ERR3452529.kaiju.out	0.004663	1155	186823	Alicyclobacillaceae
ERR3452529.kaiju.out	0.004518	1119	186818	Planococcaceae
ERR3452529.kaiju.out	0.004498	1114	2146	Acholeplasmataceae
ERR3452529.kaiju.out	0.004352	1078	543371	Thermoanaerobacterales Family III. Incertae Sedis
ERR3452529.kaiju.out	0.004268	1057	1471398	Prolixibacteraceae
ERR3452529.kaiju.out	0.004122	1021	72294	Campylobacteraceae
ERR3452529.kaiju.out	0.003941	976	89373	Cytophagaceae
ERR3452529.kaiju.out	0.003815	945	186827	Aerococcaceae
ERR3452529.kaiju.out	0.003807	943	1268	Micrococcaceae
ERR3452529.kaiju.out	0.003735	925	468	Moraxellaceae
ERR3452529.kaiju.out	0.003642	902	2805400	Actinopolymorphaceae
ERR3452529.kaiju.out	0.003557	881	543347	Clostridiales Family XVI. Incertae Sedis
ERR3452529.kaiju.out	0.003505	868	712	Pasteurellaceae
ERR3452529.kaiju.out	0.003395	841	2070	Pseudonocardiaceae
ERR3452529.kaiju.out	0.003286	814	481	Neisseriaceae
ERR3452529.kaiju.out	0.003266	809	200667	Flammeovirgaceae
ERR3452529.kaiju.out	0.003218	797	85021	Intrasporangiaceae
ERR3452529.kaiju.out	0.003129	775	543313	Clostridiales Family XII. Incertae Sedis
ERR3452529.kaiju.out	0.003129	775	563798	Cyclobacteriaceae
ERR3452529.kaiju.out	0.003044	754	972	Halanaerobiaceae
ERR3452529.kaiju.out	0.002996	742	213117	Desulfohalobiaceae
ERR3452529.kaiju.out	0.002972	736	2092	Mycoplasmataceae
ERR3452529.kaiju.out	0.002859	708	85016	Cellulomonadaceae
ERR3452529.kaiju.out	0.002830	701	2042895	Gottschalkiaceae
ERR3452529.kaiju.out	0.002798	693	558415	Marinilabiliaceae
ERR3452529.kaiju.out	0.002786	690	444	Legionellaceae
ERR3452529.kaiju.out	0.002673	662	543372	Thermoanaerobacterales Family IV. Incertae Sedis
ERR3452529.kaiju.out	0.002669	661	183710	Deinococcaceae
ERR3452529.kaiju.out	0.002572	637	641	Vibrionaceae
ERR3452529.kaiju.out	0.002552	632	213119	Desulfobacteraceae
ERR3452529.kaiju.out	0.002544	630	1577788	Methanomassiliicoccaceae
ERR3452529.kaiju.out	0.002540	629	41297	Sphingomonadaceae
ERR3452529.kaiju.out	0.002443	605	213422	Geobacteraceae
ERR3452529.kaiju.out	0.002374	588	2770093	Thermosediminibacteraceae
ERR3452529.kaiju.out	0.002297	569	2206	Methanosarcinaceae
ERR3452529.kaiju.out	0.002293	568	31	Myxococcaceae
ERR3452529.kaiju.out	0.002277	564	186824	Thermoactinomycetaceae
ERR3452529.kaiju.out	0.002196	544	715221	Caldicoprobacteraceae
ERR3452529.kaiju.out	0.002083	516	2005523	Paludibacteraceae
ERR3452529.kaiju.out	0.002007	497	186821	Sporolactobacillaceae
ERR3452529.kaiju.out	0.001930	478	2770092	Tepidanaerobacteraceae
ERR3452529.kaiju.out	0.001894	469	80864	Comamonadaceae
ERR3452529.kaiju.out	0.001885	467	1185407	Defluviitaleaceae
ERR3452529.kaiju.out	0.001861	461	1903409	Erwiniaceae
ERR3452529.kaiju.out	0.001821	451	45401	Hyphomicrobiaceae
ERR3452529.kaiju.out	0.001813	449	170	Leptospiraceae
ERR3452529.kaiju.out	0.001760	436	143786	Brachyspiraceae
ERR3452529.kaiju.out	0.001760	436	1853232	Hymenobacteraceae
ERR3452529.kaiju.out	0.001704	422	28256	Halomonadaceae
ERR3452529.kaiju.out	0.001696	420	1762	Mycobacteriaceae
ERR3452529.kaiju.out	0.001696	420	72293	Helicobacteraceae
ERR3452529.kaiju.out	0.001672	414	28056	Micromonosporaceae
ERR3452529.kaiju.out	0.001672	414	1042322	Demequinaceae
ERR3452529.kaiju.out	0.001639	406	53434	Halobacteroidaceae
ERR3452529.kaiju.out	0.001546	383	72275	Alteromonadaceae
ERR3452529.kaiju.out	0.001522	377	119045	Methylobacteriaceae
ERR3452529.kaiju.out	0.001502	372	41294	Bradyrhizobiaceae
ERR3452529.kaiju.out	0.001474	365	1903414	Morganellaceae
ERR3452529.kaiju.out	0.001429	354	204434	Acidobacteriaceae
ERR3452529.kaiju.out	0.001425	353	995019	Sutterellaceae
ERR3452529.kaiju.out	0.001413	350	32033	Xanthomonadaceae
ERR3452529.kaiju.out	0.001308	324	213421	Desulfuromonadaceae
ERR3452529.kaiju.out	0.001304	323	85015	Nocardioidaceae
ERR3452529.kaiju.out	0.001296	321	213468	Syntrophaceae
ERR3452529.kaiju.out	0.001215	301	134623	Opitutaceae
ERR3452529.kaiju.out	0.001195	296	403	Methylococcaceae
ERR3452529.kaiju.out	0.001175	291	1706375	Spongiibacteraceae
ERR3452529.kaiju.out	0.001139	282	188711	Thermodesulfobacteriaceae
ERR3452529.kaiju.out	0.001135	281	1890426	Synechococcaceae
ERR3452529.kaiju.out	0.001098	272	506	Alcaligenaceae
ERR3452529.kaiju.out	0.001082	268	135620	Oceanospirillaceae
ERR3452529.kaiju.out	0.001074	266	213121	Desulfobulbaceae
ERR3452529.kaiju.out	0.001066	264	267888	Pseudoalteromonadaceae
ERR3452529.kaiju.out	0.001066	264	1903411	Yersiniaceae
ERR3452529.kaiju.out	0.001058	262	84642	Aeromonadaceae
ERR3452529.kaiju.out	0.001054	261	85034	Glycomycetaceae
ERR3452529.kaiju.out	0.001038	257	69277	Phyllobacteriaceae
ERR3452529.kaiju.out	0.001034	256	189779	Nitrospiraceae
ERR3452529.kaiju.out	0.001026	254	76892	Caulobacteraceae
ERR3452529.kaiju.out	0.001009	250	188709	Thermotogaceae
ERR3452529.kaiju.out	0.001005	249	1202464	Dehalococcoidaceae
ERR3452529.kaiju.out	0.000969	240	72276	Ectothiorhodospiraceae
ERR3452529.kaiju.out	0.000941	233	267890	Shewanellaceae
ERR3452529.kaiju.out	0.000941	233	1775411	Rhodanobacteraceae
ERR3452529.kaiju.out	0.000925	229	1491775	Proteinivoraceae
ERR3452529.kaiju.out	0.000904	224	1914233	Gemmataceae
ERR3452529.kaiju.out	0.000900	223	2194	Methanomicrobiaceae
ERR3452529.kaiju.out	0.000892	221	267891	Moritellaceae
ERR3452529.kaiju.out	0.000888	220	2004	Streptosporangiaceae
ERR3452529.kaiju.out	0.000872	216	206379	Nitrosomonadaceae
ERR3452529.kaiju.out	0.000832	206	1046	Chromatiaceae
ERR3452529.kaiju.out	0.000824	204	85030	Geodermatophilaceae
ERR3452529.kaiju.out	0.000824	204	1706371	Cellvibrionaceae
ERR3452529.kaiju.out	0.000787	195	188786	Thermaceae
ERR3452529.kaiju.out	0.000783	194	1890438	Leptolyngbyaceae
ERR3452529.kaiju.out	0.000775	192	1643950	Fervidobacteriaceae
ERR3452529.kaiju.out	0.000739	183	191412	Chlorobiaceae
ERR3452529.kaiju.out	0.000739	183	1240483	Orbaceae
ERR3452529.kaiju.out	0.000731	181	135617	Thiotrichaceae
ERR3452529.kaiju.out	0.000723	179	1643949	Petrotogaceae
ERR3452529.kaiju.out	0.000715	177	191394	Deferribacteraceae
ERR3452529.kaiju.out	0.000715	177	1903410	Pectobacteriaceae
ERR3452529.kaiju.out	0.000711	176	135616	Piscirickettsiaceae
ERR3452529.kaiju.out	0.000711	176	539000	Clostridiales Family XVII. Incertae Sedis
ERR3452529.kaiju.out	0.000694	172	1499392	Chromobacteriaceae
ERR3452529.kaiju.out	0.000690	171	85020	Dermabacteraceae
ERR3452529.kaiju.out	0.000690	171	2762306	Roseivirgaceae
ERR3452529.kaiju.out	0.000602	149	2771471	Thiovulaceae
ERR3452529.kaiju.out	0.000589	146	539003	Bacillales Family X. Incertae Sedis
ERR3452529.kaiju.out	0.000561	139	49	Polyangiaceae
ERR3452529.kaiju.out	0.000557	138	541019	Gracilibacteraceae
ERR3452529.kaiju.out	0.000557	138	2691357	Pirellulaceae
ERR3452529.kaiju.out	0.000549	136	2183	Methanococcaceae
ERR3452529.kaiju.out	0.000537	133	74712	Frankiaceae
ERR3452529.kaiju.out	0.000537	133	83778	Kineosporiaceae
ERR3452529.kaiju.out	0.000533	132	83676	Nocardiopsaceae
ERR3452529.kaiju.out	0.000533	132	213465	Syntrophobacteraceae
ERR3452529.kaiju.out	0.000505	125	125316	Beutenbergiaceae
ERR3452529.kaiju.out	0.000493	122	267889	Colwelliaceae
ERR3452529.kaiju.out	0.000484	120	335929	Erythrobacteraceae
ERR3452529.kaiju.out	0.000484	120	1853230	Crocinitomicaceae
ERR3452529.kaiju.out	0.000476	118	2012	Thermomonosporaceae
ERR3452529.kaiju.out	0.000472	117	2066474	Endozoicomonadaceae
ERR3452529.kaiju.out	0.000468	116	213116	Desulfomicrobiaceae
ERR3452529.kaiju.out	0.000460	114	69657	Hyphomonadaceae
ERR3452529.kaiju.out	0.000460	114	543349	Symbiobacteriaceae
ERR3452529.kaiju.out	0.000460	114	1676650	Limnochordaceae
ERR3452529.kaiju.out	0.000456	113	2008793	Sterolibacteriaceae
ERR3452529.kaiju.out	0.000452	112	2131	Spiroplasmataceae
ERR3452529.kaiju.out	0.000448	111	255475	Aurantimonadaceae
ERR3452529.kaiju.out	0.000444	110	85026	Gordoniaceae
ERR3452529.kaiju.out	0.000444	110	203557	Verrucomicrobiaceae
ERR3452529.kaiju.out	0.000444	110	415002	Puniceicoccaceae
ERR3452529.kaiju.out	0.000436	108	1813606	Balneolaceae
ERR3452529.kaiju.out	0.000436	108	2800061	Maricaulaceae
ERR3452529.kaiju.out	0.000428	106	39	Archangiaceae
ERR3452529.kaiju.out	0.000428	106	2762286	Fulvivirgaceae
ERR3452529.kaiju.out	0.000424	105	1937960	Lewinellaceae
ERR3452529.kaiju.out	0.000412	102	772	Bartonellaceae
ERR3452529.kaiju.out	0.000408	101	1331736	Ruaniaceae
ERR3452529.kaiju.out	0.000404	100	453228	Desulfarculaceae
ERR3452529.kaiju.out	0.000396	98	126	Planctomycetaceae
ERR3452529.kaiju.out	0.000384	95	2812024	Syntrophotaleaceae
ERR3452529.kaiju.out	0.000380	94	485255	Natranaerobiaceae
ERR3452529.kaiju.out	0.000359	89	1162	Nostocaceae
ERR3452529.kaiju.out	0.000359	89	320796	Thermoleophilaceae
ERR3452529.kaiju.out	0.000359	89	1892252	Microcoleaceae
ERR3452529.kaiju.out	0.000355	88	117942	Desulfurellaceae
ERR3452529.kaiju.out	0.000355	88	1643948	Kosmotogaceae
ERR3452529.kaiju.out	0.000347	86	388449	Ktedonobacteraceae
ERR3452529.kaiju.out	0.000347	86	1663426	Fimbriimonadaceae
ERR3452529.kaiju.out	0.000343	85	2483367	Sedimentisphaeraceae
ERR3452529.kaiju.out	0.000327	81	85019	Brevibacteriaceae
ERR3452529.kaiju.out	0.000327	81	2152899	Candidatus Fermentibacteraceae
ERR3452529.kaiju.out	0.000323	80	563843	Rhodothermaceae
ERR3452529.kaiju.out	0.000319	79	39782	Blattabacteriaceae
ERR3452529.kaiju.out	0.000311	77	1890450	Aphanothecaceae
ERR3452529.kaiju.out	0.000307	76	267893	Idiomarinaceae
ERR3452529.kaiju.out	0.000303	75	1213	Prochloraceae
ERR3452529.kaiju.out	0.000291	72	2232	Archaeoglobaceae
ERR3452529.kaiju.out	0.000291	72	2008794	Zoogloeaceae
ERR3452529.kaiju.out	0.000283	70	224027	Hydrogenothermaceae
ERR3452529.kaiju.out	0.000283	70	566277	Lentisphaeraceae
ERR3452529.kaiju.out	0.000283	70	1903416	Budviciaceae
ERR3452529.kaiju.out	0.000275	68	33925	Entomoplasmataceae
ERR3452529.kaiju.out	0.000275	68	471823	Haloplasmataceae
ERR3452529.kaiju.out	0.000271	67	1890464	Chroococcaceae
ERR3452529.kaiju.out	0.000262	65	32011	Methylophilaceae
ERR3452529.kaiju.out	0.000262	65	1573805	Marinifilaceae
ERR3452529.kaiju.out	0.000262	65	1892251	Coleofasciculaceae
ERR3452529.kaiju.out	0.000254	63	92713	Parachlamydiaceae
ERR3452529.kaiju.out	0.000250	62	89374	Saprospiraceae
ERR3452529.kaiju.out	0.000246	61	224467	Nautiliaceae
ERR3452529.kaiju.out	0.000246	61	1892254	Oscillatoriaceae
ERR3452529.kaiju.out	0.000242	60	641876	Elusimicrobiaceae
ERR3452529.kaiju.out	0.000238	59	1840213	Lentimicrobiaceae
ERR3452529.kaiju.out	0.000234	58	145360	Sanguibacteraceae
ERR3452529.kaiju.out	0.000234	58	1903412	Hafniaceae
ERR3452529.kaiju.out	0.000230	57	31993	Methylocystaceae
ERR3452529.kaiju.out	0.000230	57	2038695	Williamwhitmaniaceae
ERR3452529.kaiju.out	0.000230	57	2100208	Caedimonadaceae
ERR3452529.kaiju.out	0.000230	57	2762317	Thermoflexibacteraceae
ERR3452529.kaiju.out	0.000222	55	1769717	Mesoaciditogaceae
ERR3452529.kaiju.out	0.000222	55	1853234	Persicobacteraceae
ERR3452529.kaiju.out	0.000222	55	1890422	Gloeobacteraceae
ERR3452529.kaiju.out	0.000218	54	558314	Desulfurobacteriaceae
ERR3452529.kaiju.out	0.000218	54	1508635	Roseiflexaceae
ERR3452529.kaiju.out	0.000218	54	2008795	Azonexaceae
ERR3452529.kaiju.out	0.000214	53	134621	Verrucomicrobia subdivision 3
ERR3452529.kaiju.out	0.000214	53	189773	Herpetosiphonaceae
ERR3452529.kaiju.out	0.000214	53	203488	Dictyoglomaceae
ERR3452529.kaiju.out	0.000214	53	1191479	Magnetococcaceae
ERR3452529.kaiju.out	0.000214	53	1763524	Isosphaeraceae
ERR3452529.kaiju.out	0.000210	52	255474	Parvularculaceae
ERR3452529.kaiju.out	0.000210	52	1127830	Candidatus Brocadiaceae
ERR3452529.kaiju.out	0.000202	50	1106	Chloroflexaceae
ERR3452529.kaiju.out	0.000202	50	145357	Dermacoccaceae
ERR3452529.kaiju.out	0.000202	50	1644056	Haloferacaceae
ERR3452529.kaiju.out	0.000202	50	1836792	Chthoniobacteraceae
ERR3452529.kaiju.out	0.000202	50	1962854	Calditrichaceae
ERR3452529.kaiju.out	0.000202	50	2762302	Reichenbachiellaceae
ERR3452529.kaiju.out	0.000198	49	1783343	Endomicrobiaceae
ERR3452529.kaiju.out	0.000198	49	2048906	Pyrinomonadaceae
ERR3452529.kaiju.out	0.000194	48	75787	Rhodocyclaceae
ERR3452529.kaiju.out	0.000194	48	84994	Acidimicrobiaceae
ERR3452529.kaiju.out	0.000194	48	570265	Methanocellaceae
ERR3452529.kaiju.out	0.000194	48	2138247	Coprothermobacteraceae
ERR3452529.kaiju.out	0.000194	48	2661849	Calotrichaceae
ERR3452529.kaiju.out	0.000194	48	2762301	Marivirgaceae
ERR3452529.kaiju.out	0.000190	47	64898	Aquificaceae
ERR3452529.kaiju.out	0.000190	47	189770	Chrysiogenaceae
ERR3452529.kaiju.out	0.000190	47	213483	Bdellovibrionaceae
ERR3452529.kaiju.out	0.000190	47	1706372	Halieaceae
ERR3452529.kaiju.out	0.000190	47	2815910	Geminocystaceae
ERR3452529.kaiju.out	0.000186	46	88404	Methanocorpusculaceae
ERR3452529.kaiju.out	0.000186	46	475964	Caldilineaceae
ERR3452529.kaiju.out	0.000182	45	1853233	Thermonemataceae
ERR3452529.kaiju.out	0.000182	45	1890448	Spirulinaceae
ERR3452529.kaiju.out	0.000178	44	1553902	Oligoflexaceae
ERR3452529.kaiju.out	0.000178	44	1937962	Microscillaceae
ERR3452529.kaiju.out	0.000174	43	34064	Francisellaceae
ERR3452529.kaiju.out	0.000174	43	118968	Coxiellaceae
ERR3452529.kaiju.out	0.000174	43	335928	Xanthobacteraceae
ERR3452529.kaiju.out	0.000170	42	219687	Gemmatimonadaceae
ERR3452529.kaiju.out	0.000170	42	1892263	Hapalosiphonaceae
ERR3452529.kaiju.out	0.000166	41	45404	Beijerinckiaceae
ERR3452529.kaiju.out	0.000166	41	224372	Alcanivoracaceae
ERR3452529.kaiju.out	0.000166	41	1333713	Schleiferiaceae
ERR3452529.kaiju.out	0.000166	41	1963268	Haloarculaceae
ERR3452529.kaiju.out	0.000157	39	942	Anaplasmataceae
ERR3452529.kaiju.out	0.000153	38	666507	Phycisphaeraceae
ERR3452529.kaiju.out	0.000153	38	768668	Thermogemmatisporaceae
ERR3452529.kaiju.out	0.000153	38	1769745	Pseudobacteriovoracaceae
ERR3452529.kaiju.out	0.000149	37	407032	Nitrospinaceae
ERR3452529.kaiju.out	0.000145	36	809	Chlamydiaceae
ERR3452529.kaiju.out	0.000145	36	255527	Saccharospirillaceae
ERR3452529.kaiju.out	0.000145	36	1937961	Haliscomenobacteraceae
ERR3452529.kaiju.out	0.000145	36	2066434	Geminicoccaceae
ERR3452529.kaiju.out	0.000145	36	2762276	Cesiribacteraceae
ERR3452529.kaiju.out	0.000141	35	316606	Segniliparaceae
ERR3452529.kaiju.out	0.000141	35	1400857	Candidatus Competibacteraceae
ERR3452529.kaiju.out	0.000141	35	2008790	Thiobacillaceae
ERR3452529.kaiju.out	0.000137	34	332161	Solibacteraceae
ERR3452529.kaiju.out	0.000137	34	568386	Sinobacteraceae
ERR3452529.kaiju.out	0.000137	34	693073	Caldisericaceae
ERR3452529.kaiju.out	0.000137	34	1077264	Chthonomonadaceae
ERR3452529.kaiju.out	0.000137	34	1334117	Melioribacteraceae
ERR3452529.kaiju.out	0.000137	34	1524215	Anaeromyxobacteraceae
ERR3452529.kaiju.out	0.000137	34	1644061	Natrialbaceae
ERR3452529.kaiju.out	0.000137	34	2211325	Vicinamibacteraceae
ERR3452529.kaiju.out	0.000133	33	143067	Methanotrichaceae
ERR3452529.kaiju.out	0.000133	33	795749	Ignavibacteriaceae
ERR3452529.kaiju.out	0.000129	32	84997	Rubrobacteraceae
ERR3452529.kaiju.out	0.000129	32	622451	Actinopolysporaceae
ERR3452529.kaiju.out	0.000129	32	1217100	Jiangellaceae
ERR3452529.kaiju.out	0.000129	32	1860138	Chitinispirillaceae
ERR3452529.kaiju.out	0.000125	31	332247	Trueperaceae
ERR3452529.kaiju.out	0.000125	31	597359	Kiloniellaceae
ERR3452529.kaiju.out	0.000125	31	2762316	Terrimicrobiaceae
ERR3452529.kaiju.out	0.000125	31	2811504	Thermodesulfovibrionaceae
ERR3452529.kaiju.out	0.000121	30	224379	Hahellaceae
ERR3452529.kaiju.out	0.000121	30	225058	Acidithiobacillaceae
ERR3452529.kaiju.out	0.000121	30	267894	Psychromonadaceae
ERR3452529.kaiju.out	0.000121	30	1382930	Ardenticatenaceae
ERR3452529.kaiju.out	0.000121	30	1706373	Microbulbiferaceae
ERR3452529.kaiju.out	0.000117	29	1185	Rivulariaceae
ERR3452529.kaiju.out	0.000117	29	85002	Sphaerobacteraceae
ERR3452529.kaiju.out	0.000117	29	1198451	Methanoregulaceae
ERR3452529.kaiju.out	0.000117	29	1892255	Gomontiellaceae
ERR3452529.kaiju.out	0.000117	29	2813035	Parvibaculaceae
ERR3452529.kaiju.out	0.000113	28	775	Rickettsiaceae
ERR3452529.kaiju.out	0.000113	28	868	Cardiobacteriaceae
ERR3452529.kaiju.out	0.000113	28	2517203	Candidatus Methanomethylophilaceae
ERR3452529.kaiju.out	0.000109	27	227387	Thermodesulfobiaceae
ERR3452529.kaiju.out	0.000109	27	267892	Ferrimonadaceae
ERR3452529.kaiju.out	0.000109	27	1655514	Pelagibacteraceae
ERR3452529.kaiju.out	0.000109	27	1890436	Pseudanabaenaceae
ERR3452529.kaiju.out	0.000105	26	513556	Syntrophorhabdaceae
ERR3452529.kaiju.out	0.000101	25	85018	Dermatophilaceae
ERR3452529.kaiju.out	0.000101	25	118882	Brucellaceae
ERR3452529.kaiju.out	0.000101	25	1920240	Kangiellaceae
ERR3452529.kaiju.out	0.000101	25	1962910	Bryobacteraceae
ERR3452529.kaiju.out	0.000097	24	224463	Nannocystaceae
ERR3452529.kaiju.out	0.000097	24	1055686	Sandaracinaceae
ERR3452529.kaiju.out	0.000097	24	1501348	Amoebophilaceae
ERR3452529.kaiju.out	0.000097	24	1963270	Halococcaceae
ERR3452529.kaiju.out	0.000093	23	224380	Desulfonatronaceae
ERR3452529.kaiju.out	0.000093	23	246874	Cryomorphaceae
ERR3452529.kaiju.out	0.000093	23	574976	Holophagaceae
ERR3452529.kaiju.out	0.000093	23	1522127	Catalimonadaceae
ERR3452529.kaiju.out	0.000093	23	1890429	Acaryochloridaceae
ERR3452529.kaiju.out	0.000093	23	2690158	Anaerohalosphaeraceae
ERR3452529.kaiju.out	0.000089	22	1100104	Brevinemataceae
ERR3452529.kaiju.out	0.000089	22	1266054	Algiphilaceae
ERR3452529.kaiju.out	0.000089	22	1963271	Halorubraceae
ERR3452529.kaiju.out	0.000085	21	1505234	Chitinivibrionaceae
ERR3452529.kaiju.out	0.000085	21	1970190	Salinivirgaceae
ERR3452529.kaiju.out	0.000081	20	622454	Cryptosporangiaceae
ERR3452529.kaiju.out	0.000081	20	1524213	Vulgatibacteraceae
ERR3452529.kaiju.out	0.000081	20	1890499	Xenococcaceae
ERR3452529.kaiju.out	0.000077	19	1182	Scytonemataceae
ERR3452529.kaiju.out	0.000077	19	2267	Thermoproteaceae
ERR3452529.kaiju.out	0.000077	19	85031	Nakamurellaceae
ERR3452529.kaiju.out	0.000077	19	118883	Sulfolobaceae
ERR3452529.kaiju.out	0.000077	19	189777	Thermomicrobiaceae
ERR3452529.kaiju.out	0.000077	19	196137	Methanospirillaceae
ERR3452529.kaiju.out	0.000077	19	1706374	Porticoccaceae
ERR3452529.kaiju.out	0.000077	19	2303730	Prochlorotrichaceae
ERR3452529.kaiju.out	0.000077	19	2771472	Sulfurovaceae
ERR3452529.kaiju.out	0.000073	18	119043	Rhodobiaceae
ERR3452529.kaiju.out	0.000073	18	255526	Halothiobacillaceae
ERR3452529.kaiju.out	0.000073	18	742031	Salinisphaeraceae
ERR3452529.kaiju.out	0.000073	18	1902584	Candidatus Desulfofervidaceae
ERR3452529.kaiju.out	0.000073	18	1921783	Kiritimatiellaceae
ERR3452529.kaiju.out	0.000073	18	2772226	Sulfuricellaceae
ERR3452529.kaiju.out	0.000069	17	85028	Tsukamurellaceae
ERR3452529.kaiju.out	0.000069	17	1486721	Methylothermaceae
ERR3452529.kaiju.out	0.000069	17	1798913	Microthrixaceae
ERR3452529.kaiju.out	0.000069	17	1937968	Bernardetiaceae
ERR3452529.kaiju.out	0.000065	16	1189	Stigonemataceae
ERR3452529.kaiju.out	0.000065	16	104174	Oscillochloridaceae
ERR3452529.kaiju.out	0.000065	16	206349	Hydrogenophilaceae
ERR3452529.kaiju.out	0.000065	16	255472	Caldisphaeraceae
ERR3452529.kaiju.out	0.000065	16	320599	Solirubrobacteraceae
ERR3452529.kaiju.out	0.000065	16	580372	Mariprofundaceae
ERR3452529.kaiju.out	0.000065	16	1442156	Ferrovaceae
ERR3452529.kaiju.out	0.000065	16	2212440	Thiofilaceae
ERR3452529.kaiju.out	0.000065	16	2726069	Kribbellaceae
ERR3452529.kaiju.out	0.000061	15	2137278	Salinarimonadaceae
ERR3452529.kaiju.out	0.000057	14	2307	Pyrodictiaceae
ERR3452529.kaiju.out	0.000057	14	596498	Nitriliruptoraceae
ERR3452529.kaiju.out	0.000057	14	717964	Methylacidiphilaceae
ERR3452529.kaiju.out	0.000057	14	1892259	Aphanizomenonaceae
ERR3452529.kaiju.out	0.000057	14	2805590	Ornithinimicrobiaceae
ERR3452529.kaiju.out	0.000052	13	2236	Halobacteriaceae
ERR3452529.kaiju.out	0.000052	13	224464	Kofleriaceae
ERR3452529.kaiju.out	0.000052	13	1868322	Candidatus Thermochlorobacteriaceae
ERR3452529.kaiju.out	0.000052	13	2690195	Elioraeaceae
ERR3452529.kaiju.out	0.000052	13	2813951	Terasakiellaceae
ERR3452529.kaiju.out	0.000048	12	263369	Bacteriovoracaceae
ERR3452529.kaiju.out	0.000048	12	320583	Conexibacteraceae
ERR3452529.kaiju.out	0.000048	12	1648490	Rubritaleaceae
ERR3452529.kaiju.out	0.000048	12	2448023	Ilumatobacteraceae
ERR3452529.kaiju.out	0.000048	12	2562242	Thermoanaerobaculaceae
ERR3452529.kaiju.out	0.000044	11	196117	Methanocaldococcaceae
ERR3452529.kaiju.out	0.000044	11	1033997	Nitrososphaeraceae
ERR3452529.kaiju.out	0.000040	10	85022	Jonesiaceae
ERR3452529.kaiju.out	0.000040	10	119859	Tolypothrichaceae
ERR3452529.kaiju.out	0.000040	10	1890500	Hyellaceae
ERR3452529.kaiju.out	0.000036	9	2272	Desulfurococcaceae
ERR3452529.kaiju.out	0.000036	9	1460864	Methanocalculaceae
ERR3452529.kaiju.out	0.000036	9	1652132	Halobacteriovoraceae
ERR3452529.kaiju.out	0.000036	9	1738654	Woeseiaceae
ERR3452529.kaiju.out	0.000032	8	89377	Crenotrichaceae
ERR3452529.kaiju.out	0.000032	8	225059	Thermithiobacillaceae
ERR3452529.kaiju.out	0.000032	8	414877	Catenulisporaceae
ERR3452529.kaiju.out	0.000032	8	1331809	Kordiimonadaceae
ERR3452529.kaiju.out	0.000032	8	1890428	Merismopediaceae
ERR3452529.kaiju.out	0.000032	8	1890528	Chroococcidiopsidaceae
ERR3452529.kaiju.out	0.000032	8	2689614	Steroidobacteraceae
ERR3452529.kaiju.out	0.000032	8	2795691	Nitratiruptoraceae
ERR3452529.kaiju.out	0.000028	7	85029	Dietziaceae
ERR3452529.kaiju.out	0.000028	7	1524216	Labilitrichaceae
ERR3452529.kaiju.out	0.000028	7	1771359	Thorselliaceae
ERR3452529.kaiju.out	0.000028	7	1890449	Microcystaceae
ERR3452529.kaiju.out	0.000028	7	1915415	Candidatus Methanomethyliaceae
ERR3452529.kaiju.out	0.000024	6	90627	Gallionellaceae
ERR3452529.kaiju.out	0.000024	6	361606	Patulibacteraceae
ERR3452529.kaiju.out	0.000024	6	655351	Cohaesibacteraceae
ERR3452529.kaiju.out	0.000024	6	1643685	Borreliaceae
ERR3452529.kaiju.out	0.000024	6	1892261	Chlorogloeopsidaceae
ERR3452529.kaiju.out	0.000024	6	2056687	Fastidiosibacteraceae
ERR3452529.kaiju.out	0.000024	6	2212439	Thiolinaceae
ERR3452529.kaiju.out	0.000024	6	2805586	Lawsonellaceae
ERR3452529.kaiju.out	0.000024	6	2814874	Neomegalonemataceae
ERR3452529.kaiju.out	0.000020	5	44746	Holosporaceae
ERR3452529.kaiju.out	0.000020	5	92712	Simkaniaceae
ERR3452529.kaiju.out	0.000020	5	114378	Thermofilaceae
ERR3452529.kaiju.out	0.000020	5	1777752	Candidatus Paracaedibacteraceae
ERR3452529.kaiju.out	0.000020	5	1892249	Cyanothecaceae
ERR3452529.kaiju.out	0.000020	5	2024974	Silvanigrellaceae
ERR3452529.kaiju.out	0.000020	5	2762284	Flexibacteraceae
ERR3452529.kaiju.out	0.000020	5	2805426	Kytococcaceae
ERR3452529.kaiju.out	0.000016	4	85032	Acidothermaceae
ERR3452529.kaiju.out	0.000016	4	85033	Sporichthyaceae
ERR3452529.kaiju.out	0.000016	4	510685	Sneathiellaceae
ERR3452529.kaiju.out	0.000016	4	1328881	Candidatus Midichloriaceae
ERR3452529.kaiju.out	0.000016	4	1676141	Wenzhouxiangellaceae
ERR3452529.kaiju.out	0.000016	4	1934946	Immundisolibacteraceae
ERR3452529.kaiju.out	0.000016	4	1955043	Gloeomargaritaceae
ERR3452529.kaiju.out	0.000016	4	2805416	Jatrophihabitantaceae
ERR3452529.kaiju.out	0.000012	3	90142	Ferroplasmaceae
ERR3452529.kaiju.out	0.000012	3	292630	Hydrogenimonaceae
ERR3452529.kaiju.out	0.000012	3	338190	Nitrosopumilaceae
ERR3452529.kaiju.out	0.000012	3	412447	Criblamydiaceae
ERR3452529.kaiju.out	0.000012	3	1890498	Dermocarpellaceae
ERR3452529.kaiju.out	0.000012	3	1892258	Symphyonemataceae
ERR3452529.kaiju.out	0.000012	3	1969992	Desertifilaceae
ERR3452529.kaiju.out	0.000012	3	2036754	Chelatococcaceae
ERR3452529.kaiju.out	0.000012	3	2812006	Bruguierivoracaceae
ERR3452529.kaiju.out	0.000008	2	2178	Methanothermaceae
ERR3452529.kaiju.out	0.000008	2	183713	Methanopyraceae
ERR3452529.kaiju.out	0.000008	2	660062	Methermicoccaceae
ERR3452529.kaiju.out	0.000008	2	1890431	Chamaesiphonaceae
ERR3452529.kaiju.out	0.000008	2	2497645	Candidatus Babeliaceae
ERR3452529.kaiju.out	0.000008	2	2800062	Robiginitomaculaceae
ERR3452529.kaiju.out	0.000004	1	46630	Picrophilaceae
ERR3452529.kaiju.out	0.000004	1	46659	Thermoplasmataceae
ERR3452529.kaiju.out	0.000004	1	92714	Waddliaceae
ERR3452529.kaiju.out	0.000004	1	685949	Fervidicoccaceae
ERR3452529.kaiju.out	0.000004	1	1392996	Candidatus Methanoperedenaceae
ERR3452529.kaiju.out	0.000004	1	1692041	Acidiferrobacteraceae
ERR3452529.kaiju.out	0.000004	1	1747776	Cuniculiplasmataceae
ERR3452529.kaiju.out	0.000004	1	1890497	Hydrococcaceae
ERR3452529.kaiju.out	0.000004	1	2301193	Balneatrichaceae
ERR3452529.kaiju.out	0.000004	1	2805591	Tropherymataceae
ERR3452529.kaiju.out	0.011067	2741	10239	Viruses
ERR3452529.kaiju.out	8.835434	2188368	NA	cannot be assigned to a (non-viral) family
ERR3452529.kaiju.out	22.652432	5610574	NA	unclassified
file	percent	reads	taxon_id	taxon_name
ERR3452574.kaiju.out	17.682165	4099678	186803	Lachnospiraceae
ERR3452574.kaiju.out	17.483061	4053515	541000	Ruminococcaceae
ERR3452574.kaiju.out	6.112290	1417158	815	Bacteroidaceae
ERR3452574.kaiju.out	5.347019	1239727	31979	Clostridiaceae
ERR3452574.kaiju.out	5.224369	1211290	171552	Prevotellaceae
ERR3452574.kaiju.out	3.471941	804983	171550	Rikenellaceae
ERR3452574.kaiju.out	1.506971	349397	186806	Eubacteriaceae
ERR3452574.kaiju.out	1.109928	257341	1647988	Akkermansiaceae
ERR3452574.kaiju.out	0.874111	202666	2005525	Tannerellaceae
ERR3452574.kaiju.out	0.790187	183208	1643826	Eggerthellaceae
ERR3452574.kaiju.out	0.623276	144509	216572	Oscillospiraceae
ERR3452574.kaiju.out	0.388227	90012	128827	Erysipelotrichaceae
ERR3452574.kaiju.out	0.343798	79711	2005519	Barnesiellaceae
ERR3452574.kaiju.out	0.286198	66356	84107	Coriobacteriaceae
ERR3452574.kaiju.out	0.242605	56249	1853231	Odoribacteraceae
ERR3452574.kaiju.out	0.218672	50700	909930	Acidaminococcaceae
ERR3452574.kaiju.out	0.216628	50226	995019	Sutterellaceae
ERR3452574.kaiju.out	0.184866	42862	2159	Methanobacteriaceae
ERR3452574.kaiju.out	0.169654	39335	194924	Desulfovibrionaceae
ERR3452574.kaiju.out	0.120076	27840	1300	Streptococcaceae
ERR3452574.kaiju.out	0.108741	25212	990719	Christensenellaceae
ERR3452574.kaiju.out	0.106541	24702	2049	Actinomycetaceae
ERR3452574.kaiju.out	0.077704	18016	186804	Peptostreptococcaceae
ERR3452574.kaiju.out	0.075548	17516	171551	Porphyromonadaceae
ERR3452574.kaiju.out	0.075086	17409	2005473	Muribaculaceae
ERR3452574.kaiju.out	0.062664	14529	543314	Clostridiales Family XIII. Incertae Sedis
ERR3452574.kaiju.out	0.061517	14263	186817	Bacillaceae
ERR3452574.kaiju.out	0.059180	13721	543	Enterobacteriaceae
ERR3452574.kaiju.out	0.057476	13326	31953	Bifidobacteriaceae
ERR3452574.kaiju.out	0.054241	12576	186822	Paenibacillaceae
ERR3452574.kaiju.out	0.043717	10136	2304686	Hungateiclostridiaceae
ERR3452574.kaiju.out	0.037019	8583	468	Moraxellaceae
ERR3452574.kaiju.out	0.035078	8133	1843491	Selenomonadaceae
ERR3452574.kaiju.out	0.035026	8121	1643824	Atopobiaceae
ERR3452574.kaiju.out	0.034302	7953	186807	Peptococcaceae
ERR3452574.kaiju.out	0.031662	7341	49546	Flavobacteriaceae
ERR3452574.kaiju.out	0.030209	7004	41295	Rhodospirillaceae
ERR3452574.kaiju.out	0.029631	6870	31977	Veillonellaceae
ERR3452574.kaiju.out	0.029363	6808	137	Spirochaetaceae
ERR3452574.kaiju.out	0.028531	6615	2810280	Coprobacillaceae
ERR3452574.kaiju.out	0.026232	6082	1570339	Peptoniphilaceae
ERR3452574.kaiju.out	0.024455	5670	33958	Lactobacillaceae
ERR3452574.kaiju.out	0.023545	5459	2005520	Dysgonomonadaceae
ERR3452574.kaiju.out	0.017813	4130	31984	Heliobacteriaceae
ERR3452574.kaiju.out	0.015833	3671	84566	Sphingobacteriaceae
ERR3452574.kaiju.out	0.015307	3549	81852	Enterococcaceae
ERR3452574.kaiju.out	0.013349	3095	143786	Brachyspiraceae
ERR3452574.kaiju.out	0.010619	2462	75682	Oxalobacteraceae
ERR3452574.kaiju.out	0.010295	2387	186828	Carnobacteriaceae
ERR3452574.kaiju.out	0.010067	2334	1268	Micrococcaceae
ERR3452574.kaiju.out	0.009484	2199	2093822	Candidatus Nanosynbacteraceae
ERR3452574.kaiju.out	0.009303	2157	649777	Synergistaceae
ERR3452574.kaiju.out	0.008967	2079	2092	Mycoplasmataceae
ERR3452574.kaiju.out	0.008803	2041	203492	Fusobacteriaceae
ERR3452574.kaiju.out	0.008635	2002	1843490	Sporomusaceae
ERR3452574.kaiju.out	0.008229	1908	563835	Chitinophagaceae
ERR3452574.kaiju.out	0.008014	1858	204431	Fibrobacteraceae
ERR3452574.kaiju.out	0.007410	1718	186820	Listeriaceae
ERR3452574.kaiju.out	0.007345	1703	433	Acetobacteraceae
ERR3452574.kaiju.out	0.007173	1663	2762318	Weeksellaceae
ERR3452574.kaiju.out	0.006530	1514	83763	Succinivibrionaceae
ERR3452574.kaiju.out	0.005780	1340	1653	Corynebacteriaceae
ERR3452574.kaiju.out	0.005499	1275	119060	Burkholderiaceae
ERR3452574.kaiju.out	0.005378	1247	712	Pasteurellaceae
ERR3452574.kaiju.out	0.004938	1145	89373	Cytophagaceae
ERR3452574.kaiju.out	0.004895	1135	135621	Pseudomonadaceae
ERR3452574.kaiju.out	0.004887	1133	186814	Thermoanaerobacteraceae
ERR3452574.kaiju.out	0.004611	1069	1129771	Leptotrichiaceae
ERR3452574.kaiju.out	0.004606	1068	563798	Cyclobacteriaceae
ERR3452574.kaiju.out	0.004598	1066	90964	Staphylococcaceae
ERR3452574.kaiju.out	0.004425	1026	31989	Rhodobacteraceae
ERR3452574.kaiju.out	0.004408	1022	2062	Streptomycetaceae
ERR3452574.kaiju.out	0.004399	1020	68298	Syntrophomonadaceae
ERR3452574.kaiju.out	0.004330	1004	292628	Anaerolineaceae
ERR3452574.kaiju.out	0.004063	942	186827	Aerococcaceae
ERR3452574.kaiju.out	0.003938	913	1471398	Prolixibacteraceae
ERR3452574.kaiju.out	0.003895	903	2770092	Tepidanaerobacteraceae
ERR3452574.kaiju.out	0.003739	867	85017	Promicromonosporaceae
ERR3452574.kaiju.out	0.003683	854	82115	Rhizobiaceae
ERR3452574.kaiju.out	0.003584	831	186823	Alicyclobacillaceae
ERR3452574.kaiju.out	0.003515	815	543313	Clostridiales Family XII. Incertae Sedis
ERR3452574.kaiju.out	0.003256	755	186818	Planococcaceae
ERR3452574.kaiju.out	0.003230	749	543371	Thermoanaerobacterales Family III. Incertae Sedis
ERR3452574.kaiju.out	0.003226	748	85023	Microbacteriaceae
ERR3452574.kaiju.out	0.003196	741	31957	Propionibacteriaceae
ERR3452574.kaiju.out	0.002954	685	2810281	Turicibacteraceae
ERR3452574.kaiju.out	0.002937	681	2146	Acholeplasmataceae
ERR3452574.kaiju.out	0.002812	652	424536	Catabacteriaceae
ERR3452574.kaiju.out	0.002726	632	213119	Desulfobacteraceae
ERR3452574.kaiju.out	0.002648	614	72294	Campylobacteraceae
ERR3452574.kaiju.out	0.002622	608	641	Vibrionaceae
ERR3452574.kaiju.out	0.002596	602	41297	Sphingomonadaceae
ERR3452574.kaiju.out	0.002545	590	1853232	Hymenobacteraceae
ERR3452574.kaiju.out	0.002458	570	481	Neisseriaceae
ERR3452574.kaiju.out	0.002355	546	558415	Marinilabiliaceae
ERR3452574.kaiju.out	0.002303	534	1737406	Tissierellaceae
ERR3452574.kaiju.out	0.002226	516	213117	Desulfohalobiaceae
ERR3452574.kaiju.out	0.002079	482	80864	Comamonadaceae
ERR3452574.kaiju.out	0.002049	475	186824	Thermoactinomycetaceae
ERR3452574.kaiju.out	0.002023	469	2770093	Thermosediminibacteraceae
ERR3452574.kaiju.out	0.001997	463	213421	Desulfuromonadaceae
ERR3452574.kaiju.out	0.001924	446	119045	Methylobacteriaceae
ERR3452574.kaiju.out	0.001906	442	28256	Halomonadaceae
ERR3452574.kaiju.out	0.001906	442	85016	Cellulomonadaceae
ERR3452574.kaiju.out	0.001893	439	972	Halanaerobiaceae
ERR3452574.kaiju.out	0.001842	427	186821	Sporolactobacillaceae
ERR3452574.kaiju.out	0.001773	411	2005523	Paludibacteraceae
ERR3452574.kaiju.out	0.001764	409	81850	Leuconostocaceae
ERR3452574.kaiju.out	0.001730	401	2070	Pseudonocardiaceae
ERR3452574.kaiju.out	0.001712	397	543372	Thermoanaerobacterales Family IV. Incertae Sedis
ERR3452574.kaiju.out	0.001682	390	170	Leptospiraceae
ERR3452574.kaiju.out	0.001544	358	213422	Geobacteraceae
ERR3452574.kaiju.out	0.001523	353	72293	Helicobacteraceae
ERR3452574.kaiju.out	0.001518	352	1903409	Erwiniaceae
ERR3452574.kaiju.out	0.001475	342	403	Methylococcaceae
ERR3452574.kaiju.out	0.001471	341	1903414	Morganellaceae
ERR3452574.kaiju.out	0.001445	335	444	Legionellaceae
ERR3452574.kaiju.out	0.001445	335	267891	Moritellaceae
ERR3452574.kaiju.out	0.001428	331	31	Myxococcaceae
ERR3452574.kaiju.out	0.001419	329	1903411	Yersiniaceae
ERR3452574.kaiju.out	0.001415	328	543347	Clostridiales Family XVI. Incertae Sedis
ERR3452574.kaiju.out	0.001389	322	506	Alcaligenaceae
ERR3452574.kaiju.out	0.001367	317	2042895	Gottschalkiaceae
ERR3452574.kaiju.out	0.001290	299	85030	Geodermatophilaceae
ERR3452574.kaiju.out	0.001272	295	715221	Caldicoprobacteraceae
ERR3452574.kaiju.out	0.001259	292	53434	Halobacteroidaceae
ERR3452574.kaiju.out	0.001229	285	41294	Bradyrhizobiaceae
ERR3452574.kaiju.out	0.001229	285	45401	Hyphomicrobiaceae
ERR3452574.kaiju.out	0.001165	270	85025	Nocardiaceae
ERR3452574.kaiju.out	0.001165	270	206379	Nitrosomonadaceae
ERR3452574.kaiju.out	0.001143	265	267888	Pseudoalteromonadaceae
ERR3452574.kaiju.out	0.001113	258	2206	Methanosarcinaceae
ERR3452574.kaiju.out	0.001104	256	135620	Oceanospirillaceae
ERR3452574.kaiju.out	0.001074	249	200667	Flammeovirgaceae
ERR3452574.kaiju.out	0.001052	244	72275	Alteromonadaceae
ERR3452574.kaiju.out	0.001052	244	183710	Deinococcaceae
ERR3452574.kaiju.out	0.001031	239	69277	Phyllobacteriaceae
ERR3452574.kaiju.out	0.001027	238	213121	Desulfobulbaceae
ERR3452574.kaiju.out	0.001018	236	1762	Mycobacteriaceae
ERR3452574.kaiju.out	0.001018	236	2194	Methanomicrobiaceae
ERR3452574.kaiju.out	0.001018	236	39782	Blattabacteriaceae
ERR3452574.kaiju.out	0.001018	236	204434	Acidobacteriaceae
ERR3452574.kaiju.out	0.000988	229	191412	Chlorobiaceae
ERR3452574.kaiju.out	0.000983	228	85015	Nocardioidaceae
ERR3452574.kaiju.out	0.000949	220	32033	Xanthomonadaceae
ERR3452574.kaiju.out	0.000945	219	1046	Chromatiaceae
ERR3452574.kaiju.out	0.000932	216	1853230	Crocinitomicaceae
ERR3452574.kaiju.out	0.000927	215	28056	Micromonosporaceae
ERR3452574.kaiju.out	0.000914	212	134623	Opitutaceae
ERR3452574.kaiju.out	0.000906	210	1185407	Defluviitaleaceae
ERR3452574.kaiju.out	0.000897	208	2771471	Thiovulaceae
ERR3452574.kaiju.out	0.000858	199	1775411	Rhodanobacteraceae
ERR3452574.kaiju.out	0.000802	186	1903410	Pectobacteriaceae
ERR3452574.kaiju.out	0.000781	181	1042322	Demequinaceae
ERR3452574.kaiju.out	0.000776	180	1499392	Chromobacteriaceae
ERR3452574.kaiju.out	0.000772	179	213116	Desulfomicrobiaceae
ERR3452574.kaiju.out	0.000755	175	85021	Intrasporangiaceae
ERR3452574.kaiju.out	0.000742	172	1890438	Leptolyngbyaceae
ERR3452574.kaiju.out	0.000738	171	1890426	Synechococcaceae
ERR3452574.kaiju.out	0.000716	166	213468	Syntrophaceae
ERR3452574.kaiju.out	0.000712	165	213465	Syntrophobacteraceae
ERR3452574.kaiju.out	0.000660	153	255475	Aurantimonadaceae
ERR3452574.kaiju.out	0.000643	149	1240483	Orbaceae
ERR3452574.kaiju.out	0.000643	149	1573805	Marinifilaceae
ERR3452574.kaiju.out	0.000625	145	84642	Aeromonadaceae
ERR3452574.kaiju.out	0.000608	141	188786	Thermaceae
ERR3452574.kaiju.out	0.000595	138	203557	Verrucomicrobiaceae
ERR3452574.kaiju.out	0.000591	137	189779	Nitrospiraceae
ERR3452574.kaiju.out	0.000556	129	1577788	Methanomassiliicoccaceae
ERR3452574.kaiju.out	0.000552	128	72276	Ectothiorhodospiraceae
ERR3452574.kaiju.out	0.000543	126	2483367	Sedimentisphaeraceae
ERR3452574.kaiju.out	0.000535	124	2004	Streptosporangiaceae
ERR3452574.kaiju.out	0.000535	124	1643949	Petrotogaceae
ERR3452574.kaiju.out	0.000535	124	1706371	Cellvibrionaceae
ERR3452574.kaiju.out	0.000531	123	76892	Caulobacteraceae
ERR3452574.kaiju.out	0.000509	118	39	Archangiaceae
ERR3452574.kaiju.out	0.000483	112	267890	Shewanellaceae
ERR3452574.kaiju.out	0.000479	111	126	Planctomycetaceae
ERR3452574.kaiju.out	0.000479	111	188711	Thermodesulfobacteriaceae
ERR3452574.kaiju.out	0.000474	110	191394	Deferribacteraceae
ERR3452574.kaiju.out	0.000474	110	2691357	Pirellulaceae
ERR3452574.kaiju.out	0.000470	109	2066474	Endozoicomonadaceae
ERR3452574.kaiju.out	0.000470	109	2762286	Fulvivirgaceae
ERR3452574.kaiju.out	0.000461	107	2259	Thermococcaceae
ERR3452574.kaiju.out	0.000440	102	541019	Gracilibacteraceae
ERR3452574.kaiju.out	0.000431	100	1643950	Fervidobacteriaceae
ERR3452574.kaiju.out	0.000423	98	32011	Methylophilaceae
ERR3452574.kaiju.out	0.000423	98	1491775	Proteinivoraceae
ERR3452574.kaiju.out	0.000414	96	69657	Hyphomonadaceae
ERR3452574.kaiju.out	0.000405	94	188709	Thermotogaceae
ERR3452574.kaiju.out	0.000401	93	539000	Clostridiales Family XVII. Incertae Sedis
ERR3452574.kaiju.out	0.000397	92	566277	Lentisphaeraceae
ERR3452574.kaiju.out	0.000392	91	772	Bartonellaceae
ERR3452574.kaiju.out	0.000380	88	2517203	Candidatus Methanomethylophilaceae
ERR3452574.kaiju.out	0.000367	85	203488	Dictyoglomaceae
ERR3452574.kaiju.out	0.000367	85	539003	Bacillales Family X. Incertae Sedis
ERR3452574.kaiju.out	0.000367	85	1937962	Microscillaceae
ERR3452574.kaiju.out	0.000362	84	92713	Parachlamydiaceae
ERR3452574.kaiju.out	0.000358	83	75787	Rhodocyclaceae
ERR3452574.kaiju.out	0.000358	83	135616	Piscirickettsiaceae
ERR3452574.kaiju.out	0.000336	78	1202464	Dehalococcoidaceae
ERR3452574.kaiju.out	0.000332	77	74712	Frankiaceae
ERR3452574.kaiju.out	0.000319	74	1162	Nostocaceae
ERR3452574.kaiju.out	0.000319	74	267889	Colwelliaceae
ERR3452574.kaiju.out	0.000311	72	1643948	Kosmotogaceae
ERR3452574.kaiju.out	0.000306	71	335929	Erythrobacteraceae
ERR3452574.kaiju.out	0.000302	70	1892251	Coleofasciculaceae
ERR3452574.kaiju.out	0.000302	70	1937960	Lewinellaceae
ERR3452574.kaiju.out	0.000298	69	2038695	Williamwhitmaniaceae
ERR3452574.kaiju.out	0.000293	68	453228	Desulfarculaceae
ERR3452574.kaiju.out	0.000293	68	1706375	Spongiibacteraceae
ERR3452574.kaiju.out	0.000280	65	471823	Haloplasmataceae
ERR3452574.kaiju.out	0.000267	62	2131	Spiroplasmataceae
ERR3452574.kaiju.out	0.000267	62	225058	Acidithiobacillaceae
ERR3452574.kaiju.out	0.000267	62	415002	Puniceicoccaceae
ERR3452574.kaiju.out	0.000267	62	1813606	Balneolaceae
ERR3452574.kaiju.out	0.000263	61	135617	Thiotrichaceae
ERR3452574.kaiju.out	0.000259	60	563843	Rhodothermaceae
ERR3452574.kaiju.out	0.000254	59	64898	Aquificaceae
ERR3452574.kaiju.out	0.000254	59	267893	Idiomarinaceae
ERR3452574.kaiju.out	0.000250	58	88404	Methanocorpusculaceae
ERR3452574.kaiju.out	0.000250	58	117942	Desulfurellaceae
ERR3452574.kaiju.out	0.000246	57	85019	Brevibacteriaceae
ERR3452574.kaiju.out	0.000246	57	1853234	Persicobacteraceae
ERR3452574.kaiju.out	0.000242	56	31993	Methylocystaceae
ERR3452574.kaiju.out	0.000242	56	85026	Gordoniaceae
ERR3452574.kaiju.out	0.000242	56	2812024	Syntrophotaleaceae
ERR3452574.kaiju.out	0.000237	55	83676	Nocardiopsaceae
ERR3452574.kaiju.out	0.000237	55	134621	Verrucomicrobia subdivision 3
ERR3452574.kaiju.out	0.000237	55	388449	Ktedonobacteraceae
ERR3452574.kaiju.out	0.000237	55	475964	Caldilineaceae
ERR3452574.kaiju.out	0.000237	55	1892252	Microcoleaceae
ERR3452574.kaiju.out	0.000233	54	1127830	Candidatus Brocadiaceae
ERR3452574.kaiju.out	0.000233	54	2811504	Thermodesulfovibrionaceae
ERR3452574.kaiju.out	0.000229	53	84994	Acidimicrobiaceae
ERR3452574.kaiju.out	0.000229	53	558314	Desulfurobacteriaceae
ERR3452574.kaiju.out	0.000229	53	1840213	Lentimicrobiaceae
ERR3452574.kaiju.out	0.000224	52	1333713	Schleiferiaceae
ERR3452574.kaiju.out	0.000224	52	1676650	Limnochordaceae
ERR3452574.kaiju.out	0.000220	51	45404	Beijerinckiaceae
ERR3452574.kaiju.out	0.000216	50	49	Polyangiaceae
ERR3452574.kaiju.out	0.000216	50	267892	Ferrimonadaceae
ERR3452574.kaiju.out	0.000216	50	1890450	Aphanothecaceae
ERR3452574.kaiju.out	0.000211	49	118968	Coxiellaceae
ERR3452574.kaiju.out	0.000211	49	2800061	Maricaulaceae
ERR3452574.kaiju.out	0.000207	48	1522127	Catalimonadaceae
ERR3452574.kaiju.out	0.000203	47	1783343	Endomicrobiaceae
ERR3452574.kaiju.out	0.000203	47	2008794	Zoogloeaceae
ERR3452574.kaiju.out	0.000198	46	2012	Thermomonosporaceae
ERR3452574.kaiju.out	0.000194	45	335928	Xanthobacteraceae
ERR3452574.kaiju.out	0.000194	45	1663426	Fimbriimonadaceae
ERR3452574.kaiju.out	0.000194	45	1963268	Haloarculaceae
ERR3452574.kaiju.out	0.000190	44	85034	Glycomycetaceae
ERR3452574.kaiju.out	0.000190	44	2048906	Pyrinomonadaceae
ERR3452574.kaiju.out	0.000181	42	33925	Entomoplasmataceae
ERR3452574.kaiju.out	0.000181	42	485255	Natranaerobiaceae
ERR3452574.kaiju.out	0.000181	42	1191479	Magnetococcaceae
ERR3452574.kaiju.out	0.000177	41	145360	Sanguibacteraceae
ERR3452574.kaiju.out	0.000177	41	666507	Phycisphaeraceae
ERR3452574.kaiju.out	0.000177	41	2762284	Flexibacteraceae
ERR3452574.kaiju.out	0.000173	40	224027	Hydrogenothermaceae
ERR3452574.kaiju.out	0.000173	40	641876	Elusimicrobiaceae
ERR3452574.kaiju.out	0.000173	40	1890436	Pseudanabaenaceae
ERR3452574.kaiju.out	0.000173	40	1903416	Budviciaceae
ERR3452574.kaiju.out	0.000168	39	1903412	Hafniaceae
ERR3452574.kaiju.out	0.000164	38	2183	Methanococcaceae
ERR3452574.kaiju.out	0.000164	38	145357	Dermacoccaceae
ERR3452574.kaiju.out	0.000164	38	1763524	Isosphaeraceae
ERR3452574.kaiju.out	0.000164	38	2762306	Roseivirgaceae
ERR3452574.kaiju.out	0.000160	37	868	Cardiobacteriaceae
ERR3452574.kaiju.out	0.000160	37	224380	Desulfonatronaceae
ERR3452574.kaiju.out	0.000160	37	1962854	Calditrichaceae
ERR3452574.kaiju.out	0.000160	37	2690158	Anaerohalosphaeraceae
ERR3452574.kaiju.out	0.000155	36	1106	Chloroflexaceae
ERR3452574.kaiju.out	0.000155	36	568386	Sinobacteraceae
ERR3452574.kaiju.out	0.000155	36	1890422	Gloeobacteraceae
ERR3452574.kaiju.out	0.000151	35	246874	Cryomorphaceae
ERR3452574.kaiju.out	0.000151	35	2661849	Calotrichaceae
ERR3452574.kaiju.out	0.000147	34	2232	Archaeoglobaceae
ERR3452574.kaiju.out	0.000147	34	118882	Brucellaceae
ERR3452574.kaiju.out	0.000147	34	219687	Gemmatimonadaceae
ERR3452574.kaiju.out	0.000147	34	543349	Symbiobacteriaceae
ERR3452574.kaiju.out	0.000147	34	1892254	Oscillatoriaceae
ERR3452574.kaiju.out	0.000138	32	1213	Prochloraceae
ERR3452574.kaiju.out	0.000138	32	84997	Rubrobacteraceae
ERR3452574.kaiju.out	0.000138	32	85020	Dermabacteraceae
ERR3452574.kaiju.out	0.000138	32	90627	Gallionellaceae
ERR3452574.kaiju.out	0.000138	32	189770	Chrysiogenaceae
ERR3452574.kaiju.out	0.000138	32	224463	Nannocystaceae
ERR3452574.kaiju.out	0.000138	32	2762276	Cesiribacteraceae
ERR3452574.kaiju.out	0.000138	32	2771472	Sulfurovaceae
ERR3452574.kaiju.out	0.000134	31	85018	Dermatophilaceae
ERR3452574.kaiju.out	0.000134	31	224372	Alcanivoracaceae
ERR3452574.kaiju.out	0.000134	31	1486721	Methylothermaceae
ERR3452574.kaiju.out	0.000134	31	1644061	Natrialbaceae
ERR3452574.kaiju.out	0.000134	31	2008793	Sterolibacteriaceae
ERR3452574.kaiju.out	0.000134	31	2008795	Azonexaceae
ERR3452574.kaiju.out	0.000125	29	1853233	Thermonemataceae
ERR3452574.kaiju.out	0.000125	29	1937961	Haliscomenobacteraceae
ERR3452574.kaiju.out	0.000125	29	2303730	Prochlorotrichaceae
ERR3452574.kaiju.out	0.000121	28	85031	Nakamurellaceae
ERR3452574.kaiju.out	0.000121	28	189777	Thermomicrobiaceae
ERR3452574.kaiju.out	0.000121	28	224379	Hahellaceae
ERR3452574.kaiju.out	0.000121	28	1331736	Ruaniaceae
ERR3452574.kaiju.out	0.000121	28	1334117	Melioribacteraceae
ERR3452574.kaiju.out	0.000121	28	1524216	Labilitrichaceae
ERR3452574.kaiju.out	0.000121	28	1920240	Kangiellaceae
ERR3452574.kaiju.out	0.000121	28	1963271	Halorubraceae
ERR3452574.kaiju.out	0.000116	27	34064	Francisellaceae
ERR3452574.kaiju.out	0.000116	27	267894	Psychromonadaceae
ERR3452574.kaiju.out	0.000116	27	1644056	Haloferacaceae
ERR3452574.kaiju.out	0.000116	27	1890429	Acaryochloridaceae
ERR3452574.kaiju.out	0.000116	27	2448023	Ilumatobacteraceae
ERR3452574.kaiju.out	0.000116	27	2762301	Marivirgaceae
ERR3452574.kaiju.out	0.000116	27	2772226	Sulfuricellaceae
ERR3452574.kaiju.out	0.000112	26	89374	Saprospiraceae
ERR3452574.kaiju.out	0.000112	26	1508635	Roseiflexaceae
ERR3452574.kaiju.out	0.000112	26	1524215	Anaeromyxobacteraceae
ERR3452574.kaiju.out	0.000112	26	1706373	Microbulbiferaceae
ERR3452574.kaiju.out	0.000112	26	1836792	Chthoniobacteraceae
ERR3452574.kaiju.out	0.000108	25	227387	Thermodesulfobiaceae
ERR3452574.kaiju.out	0.000108	25	320599	Solirubrobacteraceae
ERR3452574.kaiju.out	0.000108	25	1055686	Sandaracinaceae
ERR3452574.kaiju.out	0.000104	24	213483	Bdellovibrionaceae
ERR3452574.kaiju.out	0.000104	24	574976	Holophagaceae
ERR3452574.kaiju.out	0.000104	24	1706372	Halieaceae
ERR3452574.kaiju.out	0.000104	24	1914233	Gemmataceae
ERR3452574.kaiju.out	0.000099	23	83778	Kineosporiaceae
ERR3452574.kaiju.out	0.000099	23	196137	Methanospirillaceae
ERR3452574.kaiju.out	0.000099	23	255527	Saccharospirillaceae
ERR3452574.kaiju.out	0.000099	23	2762302	Reichenbachiellaceae
ERR3452574.kaiju.out	0.000095	22	570265	Methanocellaceae
ERR3452574.kaiju.out	0.000095	22	1890464	Chroococcaceae
ERR3452574.kaiju.out	0.000095	22	2008790	Thiobacillaceae
ERR3452574.kaiju.out	0.000091	21	809	Chlamydiaceae
ERR3452574.kaiju.out	0.000091	21	85002	Sphaerobacteraceae
ERR3452574.kaiju.out	0.000091	21	407032	Nitrospinaceae
ERR3452574.kaiju.out	0.000091	21	768668	Thermogemmatisporaceae
ERR3452574.kaiju.out	0.000091	21	1524213	Vulgatibacteraceae
ERR3452574.kaiju.out	0.000091	21	1798913	Microthrixaceae
ERR3452574.kaiju.out	0.000091	21	1970190	Salinivirgaceae
ERR3452574.kaiju.out	0.000086	20	119043	Rhodobiaceae
ERR3452574.kaiju.out	0.000082	19	263369	Bacteriovoracaceae
ERR3452574.kaiju.out	0.000082	19	332161	Solibacteraceae
ERR3452574.kaiju.out	0.000082	19	1077264	Chthonomonadaceae
ERR3452574.kaiju.out	0.000082	19	1217100	Jiangellaceae
ERR3452574.kaiju.out	0.000082	19	1382930	Ardenticatenaceae
ERR3452574.kaiju.out	0.000082	19	1442156	Ferrovaceae
ERR3452574.kaiju.out	0.000082	19	1937968	Bernardetiaceae
ERR3452574.kaiju.out	0.000082	19	2138247	Coprothermobacteraceae
ERR3452574.kaiju.out	0.000082	19	2805400	Actinopolymorphaceae
ERR3452574.kaiju.out	0.000078	18	143067	Methanotrichaceae
ERR3452574.kaiju.out	0.000078	18	189773	Herpetosiphonaceae
ERR3452574.kaiju.out	0.000078	18	224467	Nautiliaceae
ERR3452574.kaiju.out	0.000078	18	320583	Conexibacteraceae
ERR3452574.kaiju.out	0.000078	18	2795691	Nitratiruptoraceae
ERR3452574.kaiju.out	0.000073	17	206349	Hydrogenophilaceae
ERR3452574.kaiju.out	0.000073	17	1266054	Algiphilaceae
ERR3452574.kaiju.out	0.000073	17	1400857	Candidatus Competibacteraceae
ERR3452574.kaiju.out	0.000073	17	1777752	Candidatus Paracaedibacteraceae
ERR3452574.kaiju.out	0.000073	17	2726069	Kribbellaceae
ERR3452574.kaiju.out	0.000073	17	2805590	Ornithinimicrobiaceae
ERR3452574.kaiju.out	0.000069	16	942	Anaplasmataceae
ERR3452574.kaiju.out	0.000069	16	795749	Ignavibacteriaceae
ERR3452574.kaiju.out	0.000069	16	1652132	Halobacteriovoraceae
ERR3452574.kaiju.out	0.000069	16	1934946	Immundisolibacteraceae
ERR3452574.kaiju.out	0.000065	15	2267	Thermoproteaceae
ERR3452574.kaiju.out	0.000065	15	85022	Jonesiaceae
ERR3452574.kaiju.out	0.000065	15	2813035	Parvibaculaceae
ERR3452574.kaiju.out	0.000060	14	1182	Scytonemataceae
ERR3452574.kaiju.out	0.000060	14	1189	Stigonemataceae
ERR3452574.kaiju.out	0.000060	14	2272	Desulfurococcaceae
ERR3452574.kaiju.out	0.000060	14	320796	Thermoleophilaceae
ERR3452574.kaiju.out	0.000060	14	513556	Syntrophorhabdaceae
ERR3452574.kaiju.out	0.000060	14	693073	Caldisericaceae
ERR3452574.kaiju.out	0.000060	14	717964	Methylacidiphilaceae
ERR3452574.kaiju.out	0.000060	14	1553902	Oligoflexaceae
ERR3452574.kaiju.out	0.000060	14	1648490	Rubritaleaceae
ERR3452574.kaiju.out	0.000060	14	1860138	Chitinispirillaceae
ERR3452574.kaiju.out	0.000060	14	1902584	Candidatus Desulfofervidaceae
ERR3452574.kaiju.out	0.000056	13	85028	Tsukamurellaceae
ERR3452574.kaiju.out	0.000056	13	580372	Mariprofundaceae
ERR3452574.kaiju.out	0.000056	13	596498	Nitriliruptoraceae
ERR3452574.kaiju.out	0.000056	13	1331809	Kordiimonadaceae
ERR3452574.kaiju.out	0.000056	13	2212440	Thiofilaceae
ERR3452574.kaiju.out	0.000056	13	2762316	Terrimicrobiaceae
ERR3452574.kaiju.out	0.000056	13	2805426	Kytococcaceae
ERR3452574.kaiju.out	0.000056	13	2815910	Geminocystaceae
ERR3452574.kaiju.out	0.000052	12	775	Rickettsiaceae
ERR3452574.kaiju.out	0.000052	12	332247	Trueperaceae
ERR3452574.kaiju.out	0.000052	12	361606	Patulibacteraceae
ERR3452574.kaiju.out	0.000052	12	1100104	Brevinemataceae
ERR3452574.kaiju.out	0.000052	12	1198451	Methanoregulaceae
ERR3452574.kaiju.out	0.000052	12	1655514	Pelagibacteraceae
ERR3452574.kaiju.out	0.000052	12	1890428	Merismopediaceae
ERR3452574.kaiju.out	0.000052	12	1890500	Hyellaceae
ERR3452574.kaiju.out	0.000052	12	1962910	Bryobacteraceae
ERR3452574.kaiju.out	0.000052	12	2137278	Salinarimonadaceae
ERR3452574.kaiju.out	0.000052	12	2813951	Terasakiellaceae
ERR3452574.kaiju.out	0.000047	11	1185	Rivulariaceae
ERR3452574.kaiju.out	0.000047	11	85029	Dietziaceae
ERR3452574.kaiju.out	0.000047	11	119859	Tolypothrichaceae
ERR3452574.kaiju.out	0.000047	11	125316	Beutenbergiaceae
ERR3452574.kaiju.out	0.000047	11	196117	Methanocaldococcaceae
ERR3452574.kaiju.out	0.000047	11	255474	Parvularculaceae
ERR3452574.kaiju.out	0.000047	11	255526	Halothiobacillaceae
ERR3452574.kaiju.out	0.000047	11	510685	Sneathiellaceae
ERR3452574.kaiju.out	0.000047	11	1505234	Chitinivibrionaceae
ERR3452574.kaiju.out	0.000047	11	1769717	Mesoaciditogaceae
ERR3452574.kaiju.out	0.000047	11	1890448	Spirulinaceae
ERR3452574.kaiju.out	0.000047	11	1892255	Gomontiellaceae
ERR3452574.kaiju.out	0.000047	11	1921783	Kiritimatiellaceae
ERR3452574.kaiju.out	0.000047	11	1963270	Halococcaceae
ERR3452574.kaiju.out	0.000047	11	2100208	Caedimonadaceae
ERR3452574.kaiju.out	0.000043	10	92712	Simkaniaceae
ERR3452574.kaiju.out	0.000043	10	92714	Waddliaceae
ERR3452574.kaiju.out	0.000043	10	597359	Kiloniellaceae
ERR3452574.kaiju.out	0.000043	10	1033997	Nitrososphaeraceae
ERR3452574.kaiju.out	0.000043	10	1706374	Porticoccaceae
ERR3452574.kaiju.out	0.000043	10	1738654	Woeseiaceae
ERR3452574.kaiju.out	0.000043	10	1771359	Thorselliaceae
ERR3452574.kaiju.out	0.000043	10	1890431	Chamaesiphonaceae
ERR3452574.kaiju.out	0.000043	10	1892263	Hapalosiphonaceae
ERR3452574.kaiju.out	0.000043	10	2036754	Chelatococcaceae
ERR3452574.kaiju.out	0.000043	10	2211325	Vicinamibacteraceae
ERR3452574.kaiju.out	0.000039	9	2178	Methanothermaceae
ERR3452574.kaiju.out	0.000039	9	2236	Halobacteriaceae
ERR3452574.kaiju.out	0.000039	9	85032	Acidothermaceae
ERR3452574.kaiju.out	0.000039	9	118883	Sulfolobaceae
ERR3452574.kaiju.out	0.000039	9	1692041	Acidiferrobacteraceae
ERR3452574.kaiju.out	0.000039	9	1890449	Microcystaceae
ERR3452574.kaiju.out	0.000039	9	2762317	Thermoflexibacteraceae
ERR3452574.kaiju.out	0.000035	8	622454	Cryptosporangiaceae
ERR3452574.kaiju.out	0.000035	8	1643685	Borreliaceae
ERR3452574.kaiju.out	0.000035	8	2562242	Thermoanaerobaculaceae
ERR3452574.kaiju.out	0.000030	7	224464	Kofleriaceae
ERR3452574.kaiju.out	0.000030	7	2212439	Thiolinaceae
ERR3452574.kaiju.out	0.000030	7	2805586	Lawsonellaceae
ERR3452574.kaiju.out	0.000030	7	2814874	Neomegalonemataceae
ERR3452574.kaiju.out	0.000026	6	1890528	Chroococcidiopsidaceae
ERR3452574.kaiju.out	0.000026	6	1892249	Cyanothecaceae
ERR3452574.kaiju.out	0.000026	6	1969992	Desertifilaceae
ERR3452574.kaiju.out	0.000026	6	2024974	Silvanigrellaceae
ERR3452574.kaiju.out	0.000022	5	412447	Criblamydiaceae
ERR3452574.kaiju.out	0.000022	5	414877	Catenulisporaceae
ERR3452574.kaiju.out	0.000022	5	660062	Methermicoccaceae
ERR3452574.kaiju.out	0.000022	5	742031	Salinisphaeraceae
ERR3452574.kaiju.out	0.000022	5	1392996	Candidatus Methanoperedenaceae
ERR3452574.kaiju.out	0.000022	5	1769745	Pseudobacteriovoracaceae
ERR3452574.kaiju.out	0.000022	5	1915415	Candidatus Methanomethyliaceae
ERR3452574.kaiju.out	0.000022	5	2066434	Geminicoccaceae
ERR3452574.kaiju.out	0.000022	5	2152899	Candidatus Fermentibacteraceae
ERR3452574.kaiju.out	0.000022	5	2301193	Balneatrichaceae
ERR3452574.kaiju.out	0.000022	5	2805416	Jatrophihabitantaceae
ERR3452574.kaiju.out	0.000017	4	89377	Crenotrichaceae
ERR3452574.kaiju.out	0.000017	4	205957	Cenarchaeaceae
ERR3452574.kaiju.out	0.000017	4	225059	Thermithiobacillaceae
ERR3452574.kaiju.out	0.000017	4	292630	Hydrogenimonaceae
ERR3452574.kaiju.out	0.000017	4	622451	Actinopolysporaceae
ERR3452574.kaiju.out	0.000017	4	655351	Cohaesibacteraceae
ERR3452574.kaiju.out	0.000017	4	1868322	Candidatus Thermochlorobacteriaceae
ERR3452574.kaiju.out	0.000017	4	1890499	Xenococcaceae
ERR3452574.kaiju.out	0.000017	4	1892259	Aphanizomenonaceae
ERR3452574.kaiju.out	0.000017	4	1955043	Gloeomargaritaceae
ERR3452574.kaiju.out	0.000017	4	2056687	Fastidiosibacteraceae
ERR3452574.kaiju.out	0.000017	4	2690195	Elioraeaceae
ERR3452574.kaiju.out	0.000013	3	85033	Sporichthyaceae
ERR3452574.kaiju.out	0.000013	3	104174	Oscillochloridaceae
ERR3452574.kaiju.out	0.000013	3	338190	Nitrosopumilaceae
ERR3452574.kaiju.out	0.000013	3	1501348	Amoebophilaceae
ERR3452574.kaiju.out	0.000013	3	1676141	Wenzhouxiangellaceae
ERR3452574.kaiju.out	0.000013	3	2689614	Steroidobacteraceae
ERR3452574.kaiju.out	0.000013	3	2800062	Robiginitomaculaceae
ERR3452574.kaiju.out	0.000009	2	2307	Pyrodictiaceae
ERR3452574.kaiju.out	0.000009	2	46659	Thermoplasmataceae
ERR3452574.kaiju.out	0.000009	2	1890498	Dermocarpellaceae
ERR3452574.kaiju.out	0.000009	2	2805591	Tropherymataceae
ERR3452574.kaiju.out	0.000009	2	2812006	Bruguierivoracaceae
ERR3452574.kaiju.out	0.000004	1	44746	Holosporaceae
ERR3452574.kaiju.out	0.000004	1	46630	Picrophilaceae
ERR3452574.kaiju.out	0.000004	1	90142	Ferroplasmaceae
ERR3452574.kaiju.out	0.000004	1	255472	Caldisphaeraceae
ERR3452574.kaiju.out	0.000004	1	871007	Acidilobaceae
ERR3452574.kaiju.out	0.000004	1	1890497	Hydrococcaceae
ERR3452574.kaiju.out	0.000004	1	1892258	Symphyonemataceae
ERR3452574.kaiju.out	0.000004	1	1892261	Chlorogloeopsidaceae
ERR3452574.kaiju.out	0.000004	1	1892264	Fortieaceae
ERR3452574.kaiju.out	0.063074	14624	10239	Viruses
ERR3452574.kaiju.out	15.692891	3638457	NA	cannot be assigned to a (non-viral) family
ERR3452574.kaiju.out	20.253290	4695803	NA	unclassified
file	percent	reads	taxon_id	taxon_name
ERR3452699.kaiju.out	31.144697	5551810	541000	Ruminococcaceae
ERR3452699.kaiju.out	22.680353	4042968	186803	Lachnospiraceae
ERR3452699.kaiju.out	3.928837	700349	31979	Clostridiaceae
ERR3452699.kaiju.out	2.565127	457256	84107	Coriobacteriaceae
ERR3452699.kaiju.out	2.287211	407715	815	Bacteroidaceae
ERR3452699.kaiju.out	2.193751	391055	186806	Eubacteriaceae
ERR3452699.kaiju.out	1.676357	298825	171552	Prevotellaceae
ERR3452699.kaiju.out	1.347211	240152	171550	Rikenellaceae
ERR3452699.kaiju.out	1.282614	228637	2005525	Tannerellaceae
ERR3452699.kaiju.out	0.903878	161124	909930	Acidaminococcaceae
ERR3452699.kaiju.out	0.689409	122893	1300	Streptococcaceae
ERR3452699.kaiju.out	0.504840	89992	186804	Peptostreptococcaceae
ERR3452699.kaiju.out	0.463417	82608	543	Enterobacteriaceae
ERR3452699.kaiju.out	0.432563	77108	216572	Oscillospiraceae
ERR3452699.kaiju.out	0.395280	70462	31953	Bifidobacteriaceae
ERR3452699.kaiju.out	0.289955	51687	128827	Erysipelotrichaceae
ERR3452699.kaiju.out	0.225195	40143	1643826	Eggerthellaceae
ERR3452699.kaiju.out	0.201051	35839	2810281	Turicibacteraceae
ERR3452699.kaiju.out	0.195564	34861	31977	Veillonellaceae
ERR3452699.kaiju.out	0.158635	28278	2049	Actinomycetaceae
ERR3452699.kaiju.out	0.135438	24143	712	Pasteurellaceae
ERR3452699.kaiju.out	0.125267	22330	33958	Lactobacillaceae
ERR3452699.kaiju.out	0.100949	17995	1853231	Odoribacteraceae
ERR3452699.kaiju.out	0.083917	14959	1268	Micrococcaceae
ERR3452699.kaiju.out	0.071256	12702	1643824	Atopobiaceae
ERR3452699.kaiju.out	0.070875	12634	2005519	Barnesiellaceae
ERR3452699.kaiju.out	0.056586	10087	186817	Bacillaceae
ERR3452699.kaiju.out	0.048491	8644	468	Moraxellaceae
ERR3452699.kaiju.out	0.047409	8451	186822	Paenibacillaceae
ERR3452699.kaiju.out	0.043931	7831	543314	Clostridiales Family XIII. Incertae Sedis
ERR3452699.kaiju.out	0.038416	6848	194924	Desulfovibrionaceae
ERR3452699.kaiju.out	0.034130	6084	1843491	Selenomonadaceae
ERR3452699.kaiju.out	0.031662	5644	31984	Heliobacteriaceae
ERR3452699.kaiju.out	0.028941	5159	990719	Christensenellaceae
ERR3452699.kaiju.out	0.028436	5069	2093822	Candidatus Nanosynbacteraceae
ERR3452699.kaiju.out	0.026372	4701	81852	Enterococcaceae
ERR3452699.kaiju.out	0.024212	4316	2810280	Coprobacillaceae
ERR3452699.kaiju.out	0.022568	4023	1570339	Peptoniphilaceae
ERR3452699.kaiju.out	0.019483	3473	2304686	Hungateiclostridiaceae
ERR3452699.kaiju.out	0.018333	3268	186807	Peptococcaceae
ERR3452699.kaiju.out	0.017705	3156	137	Spirochaetaceae
ERR3452699.kaiju.out	0.016123	2874	49546	Flavobacteriaceae
ERR3452699.kaiju.out	0.014619	2606	171551	Porphyromonadaceae
ERR3452699.kaiju.out	0.013514	2409	81850	Leuconostocaceae
ERR3452699.kaiju.out	0.012117	2160	995019	Sutterellaceae
ERR3452699.kaiju.out	0.011725	2090	186828	Carnobacteriaceae
ERR3452699.kaiju.out	0.011713	2088	186820	Listeriaceae
ERR3452699.kaiju.out	0.011534	2056	2005520	Dysgonomonadaceae
ERR3452699.kaiju.out	0.010737	1914	1647988	Akkermansiaceae
ERR3452699.kaiju.out	0.008476	1511	84566	Sphingobacteriaceae
ERR3452699.kaiju.out	0.007988	1424	204431	Fibrobacteraceae
ERR3452699.kaiju.out	0.007192	1282	85017	Promicromonosporaceae
ERR3452699.kaiju.out	0.007007	1249	41295	Rhodospirillaceae
ERR3452699.kaiju.out	0.006838	1219	1843490	Sporomusaceae
ERR3452699.kaiju.out	0.006693	1193	90964	Staphylococcaceae
ERR3452699.kaiju.out	0.006092	1086	203492	Fusobacteriaceae
ERR3452699.kaiju.out	0.005531	986	83763	Succinivibrionaceae
ERR3452699.kaiju.out	0.005526	985	119045	Methylobacteriaceae
ERR3452699.kaiju.out	0.005234	933	82115	Rhizobiaceae
ERR3452699.kaiju.out	0.005066	903	433	Acetobacteraceae
ERR3452699.kaiju.out	0.004634	826	2146	Acholeplasmataceae
ERR3452699.kaiju.out	0.004561	813	1129771	Leptotrichiaceae
ERR3452699.kaiju.out	0.004533	808	119060	Burkholderiaceae
ERR3452699.kaiju.out	0.004017	716	31957	Propionibacteriaceae
ERR3452699.kaiju.out	0.003876	691	2005473	Muribaculaceae
ERR3452699.kaiju.out	0.003854	687	563835	Chitinophagaceae
ERR3452699.kaiju.out	0.003764	671	1903409	Erwiniaceae
ERR3452699.kaiju.out	0.003759	670	135621	Pseudomonadaceae
ERR3452699.kaiju.out	0.003759	670	649777	Synergistaceae
ERR3452699.kaiju.out	0.003697	659	186814	Thermoanaerobacteraceae
ERR3452699.kaiju.out	0.003674	655	186827	Aerococcaceae
ERR3452699.kaiju.out	0.003534	630	292628	Anaerolineaceae
ERR3452699.kaiju.out	0.003501	624	2062	Streptomycetaceae
ERR3452699.kaiju.out	0.003450	615	1653	Corynebacteriaceae
ERR3452699.kaiju.out	0.003153	562	213117	Desulfohalobiaceae
ERR3452699.kaiju.out	0.003136	559	641	Vibrionaceae
ERR3452699.kaiju.out	0.002951	526	2762318	Weeksellaceae
ERR3452699.kaiju.out	0.002799	499	85016	Cellulomonadaceae
ERR3452699.kaiju.out	0.002721	485	1903411	Yersiniaceae
ERR3452699.kaiju.out	0.002687	479	1903414	Morganellaceae
ERR3452699.kaiju.out	0.002681	478	89373	Cytophagaceae
ERR3452699.kaiju.out	0.002676	477	31989	Rhodobacteraceae
ERR3452699.kaiju.out	0.002631	469	143786	Brachyspiraceae
ERR3452699.kaiju.out	0.002502	446	186818	Planococcaceae
ERR3452699.kaiju.out	0.002435	434	68298	Syntrophomonadaceae
ERR3452699.kaiju.out	0.002390	426	72294	Campylobacteraceae
ERR3452699.kaiju.out	0.002283	407	85023	Microbacteriaceae
ERR3452699.kaiju.out	0.002115	377	481	Neisseriaceae
ERR3452699.kaiju.out	0.002081	371	186821	Sporolactobacillaceae
ERR3452699.kaiju.out	0.002031	362	1471398	Prolixibacteraceae
ERR3452699.kaiju.out	0.002025	361	80864	Comamonadaceae
ERR3452699.kaiju.out	0.001930	344	563798	Cyclobacteriaceae
ERR3452699.kaiju.out	0.001924	343	72293	Helicobacteraceae
ERR3452699.kaiju.out	0.001885	336	41297	Sphingomonadaceae
ERR3452699.kaiju.out	0.001829	326	543371	Thermoanaerobacterales Family III. Incertae Sedis
ERR3452699.kaiju.out	0.001790	319	543313	Clostridiales Family XII. Incertae Sedis
ERR3452699.kaiju.out	0.001745	311	444	Legionellaceae
ERR3452699.kaiju.out	0.001683	300	206379	Nitrosomonadaceae
ERR3452699.kaiju.out	0.001683	300	2042895	Gottschalkiaceae
ERR3452699.kaiju.out	0.001677	299	2092	Mycoplasmataceae
ERR3452699.kaiju.out	0.001672	298	45401	Hyphomicrobiaceae
ERR3452699.kaiju.out	0.001571	280	558415	Marinilabiliaceae
ERR3452699.kaiju.out	0.001543	275	1903410	Pectobacteriaceae
ERR3452699.kaiju.out	0.001442	257	1737406	Tissierellaceae
ERR3452699.kaiju.out	0.001431	255	213119	Desulfobacteraceae
ERR3452699.kaiju.out	0.001380	246	543347	Clostridiales Family XVI. Incertae Sedis
ERR3452699.kaiju.out	0.001285	229	2770092	Tepidanaerobacteraceae
ERR3452699.kaiju.out	0.001223	218	2159	Methanobacteriaceae
ERR3452699.kaiju.out	0.001167	208	85015	Nocardioidaceae
ERR3452699.kaiju.out	0.001161	207	2005523	Paludibacteraceae
ERR3452699.kaiju.out	0.001105	197	1853232	Hymenobacteraceae
ERR3452699.kaiju.out	0.001083	193	1903412	Hafniaceae
ERR3452699.kaiju.out	0.001066	190	203557	Verrucomicrobiaceae
ERR3452699.kaiju.out	0.001066	190	267891	Moritellaceae
ERR3452699.kaiju.out	0.001038	185	186823	Alicyclobacillaceae
ERR3452699.kaiju.out	0.001027	183	85025	Nocardiaceae
ERR3452699.kaiju.out	0.000987	176	69277	Phyllobacteriaceae
ERR3452699.kaiju.out	0.000982	175	75682	Oxalobacteraceae
ERR3452699.kaiju.out	0.000976	174	186824	Thermoactinomycetaceae
ERR3452699.kaiju.out	0.000976	174	188711	Thermodesulfobacteriaceae
ERR3452699.kaiju.out	0.000954	170	1573805	Marinifilaceae
ERR3452699.kaiju.out	0.000931	166	2483367	Sedimentisphaeraceae
ERR3452699.kaiju.out	0.000920	164	1240483	Orbaceae
ERR3452699.kaiju.out	0.000903	161	1202464	Dehalococcoidaceae
ERR3452699.kaiju.out	0.000898	160	200667	Flammeovirgaceae
ERR3452699.kaiju.out	0.000898	160	1185407	Defluviitaleaceae
ERR3452699.kaiju.out	0.000892	159	267888	Pseudoalteromonadaceae
ERR3452699.kaiju.out	0.000886	158	972	Halanaerobiaceae
ERR3452699.kaiju.out	0.000870	155	424536	Catabacteriaceae
ERR3452699.kaiju.out	0.000853	152	85021	Intrasporangiaceae
ERR3452699.kaiju.out	0.000825	147	72275	Alteromonadaceae
ERR3452699.kaiju.out	0.000802	143	41294	Bradyrhizobiaceae
ERR3452699.kaiju.out	0.000791	141	85030	Geodermatophilaceae
ERR3452699.kaiju.out	0.000785	140	145360	Sanguibacteraceae
ERR3452699.kaiju.out	0.000780	139	213116	Desulfomicrobiaceae
ERR3452699.kaiju.out	0.000774	138	1046	Chromatiaceae
ERR3452699.kaiju.out	0.000763	136	267890	Shewanellaceae
ERR3452699.kaiju.out	0.000707	126	1042322	Demequinaceae
ERR3452699.kaiju.out	0.000690	123	32033	Xanthomonadaceae
ERR3452699.kaiju.out	0.000684	122	506	Alcaligenaceae
ERR3452699.kaiju.out	0.000668	119	1499392	Chromobacteriaceae
ERR3452699.kaiju.out	0.000662	118	2771472	Sulfurovaceae
ERR3452699.kaiju.out	0.000634	113	213121	Desulfobulbaceae
ERR3452699.kaiju.out	0.000634	113	1643949	Petrotogaceae
ERR3452699.kaiju.out	0.000600	107	2070	Pseudonocardiaceae
ERR3452699.kaiju.out	0.000600	107	213421	Desulfuromonadaceae
ERR3452699.kaiju.out	0.000595	106	135620	Oceanospirillaceae
ERR3452699.kaiju.out	0.000572	102	1762	Mycobacteriaceae
ERR3452699.kaiju.out	0.000567	101	267893	Idiomarinaceae
ERR3452699.kaiju.out	0.000555	99	403	Methylococcaceae
ERR3452699.kaiju.out	0.000555	99	28256	Halomonadaceae
ERR3452699.kaiju.out	0.000550	98	213422	Geobacteraceae
ERR3452699.kaiju.out	0.000522	93	28056	Micromonosporaceae
ERR3452699.kaiju.out	0.000482	86	53434	Halobacteroidaceae
ERR3452699.kaiju.out	0.000482	86	191412	Chlorobiaceae
ERR3452699.kaiju.out	0.000449	80	183710	Deinococcaceae
ERR3452699.kaiju.out	0.000443	79	2206	Methanosarcinaceae
ERR3452699.kaiju.out	0.000443	79	2770093	Thermosediminibacteraceae
ERR3452699.kaiju.out	0.000426	76	1775411	Rhodanobacteraceae
ERR3452699.kaiju.out	0.000421	75	189779	Nitrospiraceae
ERR3452699.kaiju.out	0.000421	75	1706375	Spongiibacteraceae
ERR3452699.kaiju.out	0.000421	75	1903416	Budviciaceae
ERR3452699.kaiju.out	0.000415	74	2194	Methanomicrobiaceae
ERR3452699.kaiju.out	0.000404	72	2805586	Lawsonellaceae
ERR3452699.kaiju.out	0.000398	71	543372	Thermoanaerobacterales Family IV. Incertae Sedis
ERR3452699.kaiju.out	0.000387	69	255475	Aurantimonadaceae
ERR3452699.kaiju.out	0.000381	68	191394	Deferribacteraceae
ERR3452699.kaiju.out	0.000370	66	85026	Gordoniaceae
ERR3452699.kaiju.out	0.000365	65	868	Cardiobacteriaceae
ERR3452699.kaiju.out	0.000365	65	84642	Aeromonadaceae
ERR3452699.kaiju.out	0.000365	65	135616	Piscirickettsiaceae
ERR3452699.kaiju.out	0.000365	65	224380	Desulfonatronaceae
ERR3452699.kaiju.out	0.000348	62	170	Leptospiraceae
ERR3452699.kaiju.out	0.000331	59	539003	Bacillales Family X. Incertae Sedis
ERR3452699.kaiju.out	0.000325	58	204434	Acidobacteriaceae
ERR3452699.kaiju.out	0.000325	58	213468	Syntrophaceae
ERR3452699.kaiju.out	0.000320	57	1162	Nostocaceae
ERR3452699.kaiju.out	0.000320	57	72276	Ectothiorhodospiraceae
ERR3452699.kaiju.out	0.000320	57	2066434	Geminicoccaceae
ERR3452699.kaiju.out	0.000320	57	2691357	Pirellulaceae
ERR3452699.kaiju.out	0.000309	55	2066474	Endozoicomonadaceae
ERR3452699.kaiju.out	0.000303	54	134623	Opitutaceae
ERR3452699.kaiju.out	0.000303	54	1643950	Fervidobacteriaceae
ERR3452699.kaiju.out	0.000292	52	49	Polyangiaceae
ERR3452699.kaiju.out	0.000292	52	135617	Thiotrichaceae
ERR3452699.kaiju.out	0.000292	52	453228	Desulfarculaceae
ERR3452699.kaiju.out	0.000280	50	267889	Colwelliaceae
ERR3452699.kaiju.out	0.000275	49	1706371	Cellvibrionaceae
ERR3452699.kaiju.out	0.000269	48	76892	Caulobacteraceae
ERR3452699.kaiju.out	0.000264	47	1577788	Methanomassiliicoccaceae
ERR3452699.kaiju.out	0.000264	47	1706373	Microbulbiferaceae
ERR3452699.kaiju.out	0.000258	46	407032	Nitrospinaceae
ERR3452699.kaiju.out	0.000258	46	2762276	Cesiribacteraceae
ERR3452699.kaiju.out	0.000247	44	213465	Syntrophobacteraceae
ERR3452699.kaiju.out	0.000247	44	2805400	Actinopolymorphaceae
ERR3452699.kaiju.out	0.000236	42	31	Myxococcaceae
ERR3452699.kaiju.out	0.000236	42	2004	Streptosporangiaceae
ERR3452699.kaiju.out	0.000236	42	92713	Parachlamydiaceae
ERR3452699.kaiju.out	0.000236	42	715221	Caldicoprobacteraceae
ERR3452699.kaiju.out	0.000236	42	1853234	Persicobacteraceae
ERR3452699.kaiju.out	0.000230	41	85018	Dermatophilaceae
ERR3452699.kaiju.out	0.000224	40	2012	Thermomonosporaceae
ERR3452699.kaiju.out	0.000224	40	39782	Blattabacteriaceae
ERR3452699.kaiju.out	0.000224	40	75787	Rhodocyclaceae
ERR3452699.kaiju.out	0.000219	39	335929	Erythrobacteraceae
ERR3452699.kaiju.out	0.000219	39	1491775	Proteinivoraceae
ERR3452699.kaiju.out	0.000219	39	2138247	Coprothermobacteraceae
ERR3452699.kaiju.out	0.000208	37	2771471	Thiovulaceae
ERR3452699.kaiju.out	0.000191	34	33925	Entomoplasmataceae
ERR3452699.kaiju.out	0.000191	34	1890426	Synechococcaceae
ERR3452699.kaiju.out	0.000191	34	1937961	Haliscomenobacteraceae
ERR3452699.kaiju.out	0.000191	34	2812024	Syntrophotaleaceae
ERR3452699.kaiju.out	0.000185	33	1892252	Microcoleaceae
ERR3452699.kaiju.out	0.000180	32	88404	Methanocorpusculaceae
ERR3452699.kaiju.out	0.000180	32	541019	Gracilibacteraceae
ERR3452699.kaiju.out	0.000180	32	1890438	Leptolyngbyaceae
ERR3452699.kaiju.out	0.000174	31	126	Planctomycetaceae
ERR3452699.kaiju.out	0.000174	31	32011	Methylophilaceae
ERR3452699.kaiju.out	0.000168	30	34064	Francisellaceae
ERR3452699.kaiju.out	0.000168	30	224379	Hahellaceae
ERR3452699.kaiju.out	0.000168	30	1937962	Microscillaceae
ERR3452699.kaiju.out	0.000163	29	85020	Dermabacteraceae
ERR3452699.kaiju.out	0.000163	29	2762286	Fulvivirgaceae
ERR3452699.kaiju.out	0.000157	28	2800062	Robiginitomaculaceae
ERR3452699.kaiju.out	0.000151	27	539000	Clostridiales Family XVII. Incertae Sedis
ERR3452699.kaiju.out	0.000151	27	1937960	Lewinellaceae
ERR3452699.kaiju.out	0.000146	26	117942	Desulfurellaceae
ERR3452699.kaiju.out	0.000146	26	188709	Thermotogaceae
ERR3452699.kaiju.out	0.000146	26	485255	Natranaerobiaceae
ERR3452699.kaiju.out	0.000140	25	224467	Nautiliaceae
ERR3452699.kaiju.out	0.000140	25	267894	Psychromonadaceae
ERR3452699.kaiju.out	0.000135	24	2303730	Prochlorotrichaceae
ERR3452699.kaiju.out	0.000129	23	83676	Nocardiopsaceae
ERR3452699.kaiju.out	0.000129	23	1127830	Candidatus Brocadiaceae
ERR3452699.kaiju.out	0.000129	23	1331736	Ruaniaceae
ERR3452699.kaiju.out	0.000129	23	1853233	Thermonemataceae
ERR3452699.kaiju.out	0.000129	23	1963268	Haloarculaceae
ERR3452699.kaiju.out	0.000123	22	2131	Spiroplasmataceae
ERR3452699.kaiju.out	0.000123	22	335928	Xanthobacteraceae
ERR3452699.kaiju.out	0.000123	22	1643948	Kosmotogaceae
ERR3452699.kaiju.out	0.000123	22	2008794	Zoogloeaceae
ERR3452699.kaiju.out	0.000118	21	1522127	Catalimonadaceae
ERR3452699.kaiju.out	0.000118	21	1840213	Lentimicrobiaceae
ERR3452699.kaiju.out	0.000118	21	1892251	Coleofasciculaceae
ERR3452699.kaiju.out	0.000118	21	1892254	Oscillatoriaceae
ERR3452699.kaiju.out	0.000112	20	1763524	Isosphaeraceae
ERR3452699.kaiju.out	0.000112	20	1853230	Crocinitomicaceae
ERR3452699.kaiju.out	0.000107	19	74712	Frankiaceae
ERR3452699.kaiju.out	0.000107	19	224027	Hydrogenothermaceae
ERR3452699.kaiju.out	0.000107	19	1890450	Aphanothecaceae
ERR3452699.kaiju.out	0.000107	19	2762306	Roseivirgaceae
ERR3452699.kaiju.out	0.000101	18	1706372	Halieaceae
ERR3452699.kaiju.out	0.000101	18	1738654	Woeseiaceae
ERR3452699.kaiju.out	0.000101	18	2008793	Sterolibacteriaceae
ERR3452699.kaiju.out	0.000101	18	2517203	Candidatus Methanomethylophilaceae
ERR3452699.kaiju.out	0.000095	17	2259	Thermococcaceae
ERR3452699.kaiju.out	0.000095	17	388449	Ktedonobacteraceae
ERR3452699.kaiju.out	0.000095	17	1217100	Jiangellaceae
ERR3452699.kaiju.out	0.000095	17	2038695	Williamwhitmaniaceae
ERR3452699.kaiju.out	0.000090	16	2183	Methanococcaceae
ERR3452699.kaiju.out	0.000090	16	203488	Dictyoglomaceae
ERR3452699.kaiju.out	0.000090	16	568386	Sinobacteraceae
ERR3452699.kaiju.out	0.000090	16	1962910	Bryobacteraceae
ERR3452699.kaiju.out	0.000084	15	772	Bartonellaceae
ERR3452699.kaiju.out	0.000084	15	84997	Rubrobacteraceae
ERR3452699.kaiju.out	0.000084	15	145357	Dermacoccaceae
ERR3452699.kaiju.out	0.000084	15	1676650	Limnochordaceae
ERR3452699.kaiju.out	0.000084	15	1890500	Hyellaceae
ERR3452699.kaiju.out	0.000084	15	1892258	Symphyonemataceae
ERR3452699.kaiju.out	0.000079	14	84994	Acidimicrobiaceae
ERR3452699.kaiju.out	0.000079	14	471823	Haloplasmataceae
ERR3452699.kaiju.out	0.000079	14	1937968	Bernardetiaceae
ERR3452699.kaiju.out	0.000079	14	2762317	Thermoflexibacteraceae
ERR3452699.kaiju.out	0.000073	13	39	Archangiaceae
ERR3452699.kaiju.out	0.000073	13	31993	Methylocystaceae
ERR3452699.kaiju.out	0.000073	13	415002	Puniceicoccaceae
ERR3452699.kaiju.out	0.000073	13	475964	Caldilineaceae
ERR3452699.kaiju.out	0.000073	13	570265	Methanocellaceae
ERR3452699.kaiju.out	0.000073	13	574976	Holophagaceae
ERR3452699.kaiju.out	0.000073	13	1077264	Chthonomonadaceae
ERR3452699.kaiju.out	0.000073	13	1644056	Haloferacaceae
ERR3452699.kaiju.out	0.000067	12	1182	Scytonemataceae
ERR3452699.kaiju.out	0.000067	12	332161	Solibacteraceae
ERR3452699.kaiju.out	0.000067	12	510685	Sneathiellaceae
ERR3452699.kaiju.out	0.000067	12	1198451	Methanoregulaceae
ERR3452699.kaiju.out	0.000067	12	1334117	Melioribacteraceae
ERR3452699.kaiju.out	0.000067	12	1813606	Balneolaceae
ERR3452699.kaiju.out	0.000067	12	1890449	Microcystaceae
ERR3452699.kaiju.out	0.000067	12	2008795	Azonexaceae
ERR3452699.kaiju.out	0.000067	12	2689614	Steroidobacteraceae
ERR3452699.kaiju.out	0.000062	11	775	Rickettsiaceae
ERR3452699.kaiju.out	0.000062	11	85022	Jonesiaceae
ERR3452699.kaiju.out	0.000062	11	90627	Gallionellaceae
ERR3452699.kaiju.out	0.000062	11	119043	Rhodobiaceae
ERR3452699.kaiju.out	0.000062	11	188786	Thermaceae
ERR3452699.kaiju.out	0.000062	11	196137	Methanospirillaceae
ERR3452699.kaiju.out	0.000062	11	1783343	Endomicrobiaceae
ERR3452699.kaiju.out	0.000062	11	2762316	Terrimicrobiaceae
ERR3452699.kaiju.out	0.000056	10	85002	Sphaerobacteraceae
ERR3452699.kaiju.out	0.000056	10	85019	Brevibacteriaceae
ERR3452699.kaiju.out	0.000056	10	85031	Nakamurellaceae
ERR3452699.kaiju.out	0.000056	10	213483	Bdellovibrionaceae
ERR3452699.kaiju.out	0.000056	10	558314	Desulfurobacteriaceae
ERR3452699.kaiju.out	0.000056	10	1524215	Anaeromyxobacteraceae
ERR3452699.kaiju.out	0.000056	10	1655514	Pelagibacteraceae
ERR3452699.kaiju.out	0.000056	10	1902584	Candidatus Desulfofervidaceae
ERR3452699.kaiju.out	0.000056	10	2690158	Anaerohalosphaeraceae
ERR3452699.kaiju.out	0.000050	9	85034	Glycomycetaceae
ERR3452699.kaiju.out	0.000050	9	118968	Coxiellaceae
ERR3452699.kaiju.out	0.000050	9	119859	Tolypothrichaceae
ERR3452699.kaiju.out	0.000050	9	189773	Herpetosiphonaceae
ERR3452699.kaiju.out	0.000050	9	225058	Acidithiobacillaceae
ERR3452699.kaiju.out	0.000050	9	1890448	Spirulinaceae
ERR3452699.kaiju.out	0.000050	9	1963270	Halococcaceae
ERR3452699.kaiju.out	0.000050	9	2661849	Calotrichaceae
ERR3452699.kaiju.out	0.000045	8	1213	Prochloraceae
ERR3452699.kaiju.out	0.000045	8	134621	Verrucomicrobia subdivision 3
ERR3452699.kaiju.out	0.000045	8	543349	Symbiobacteriaceae
ERR3452699.kaiju.out	0.000045	8	693073	Caldisericaceae
ERR3452699.kaiju.out	0.000045	8	2762284	Flexibacteraceae
ERR3452699.kaiju.out	0.000045	8	2762302	Reichenbachiellaceae
ERR3452699.kaiju.out	0.000039	7	64898	Aquificaceae
ERR3452699.kaiju.out	0.000039	7	85028	Tsukamurellaceae
ERR3452699.kaiju.out	0.000039	7	89374	Saprospiraceae
ERR3452699.kaiju.out	0.000039	7	189770	Chrysiogenaceae
ERR3452699.kaiju.out	0.000039	7	219687	Gemmatimonadaceae
ERR3452699.kaiju.out	0.000039	7	224463	Nannocystaceae
ERR3452699.kaiju.out	0.000039	7	1442156	Ferrovaceae
ERR3452699.kaiju.out	0.000039	7	1524213	Vulgatibacteraceae
ERR3452699.kaiju.out	0.000039	7	1890498	Dermocarpellaceae
ERR3452699.kaiju.out	0.000039	7	1962854	Calditrichaceae
ERR3452699.kaiju.out	0.000039	7	2800061	Maricaulaceae
ERR3452699.kaiju.out	0.000039	7	2805590	Ornithinimicrobiaceae
ERR3452699.kaiju.out	0.000039	7	2811504	Thermodesulfovibrionaceae
ERR3452699.kaiju.out	0.000034	6	1106	Chloroflexaceae
ERR3452699.kaiju.out	0.000034	6	2232	Archaeoglobaceae
ERR3452699.kaiju.out	0.000034	6	2267	Thermoproteaceae
ERR3452699.kaiju.out	0.000034	6	118882	Brucellaceae
ERR3452699.kaiju.out	0.000034	6	224372	Alcanivoracaceae
ERR3452699.kaiju.out	0.000034	6	316606	Segniliparaceae
ERR3452699.kaiju.out	0.000034	6	563843	Rhodothermaceae
ERR3452699.kaiju.out	0.000034	6	768668	Thermogemmatisporaceae
ERR3452699.kaiju.out	0.000034	6	1333713	Schleiferiaceae
ERR3452699.kaiju.out	0.000034	6	1644061	Natrialbaceae
ERR3452699.kaiju.out	0.000034	6	1771359	Thorselliaceae
ERR3452699.kaiju.out	0.000034	6	1914233	Gemmataceae
ERR3452699.kaiju.out	0.000034	6	1955043	Gloeomargaritaceae
ERR3452699.kaiju.out	0.000034	6	2056687	Fastidiosibacteraceae
ERR3452699.kaiju.out	0.000034	6	2812006	Bruguierivoracaceae
ERR3452699.kaiju.out	0.000028	5	89377	Crenotrichaceae
ERR3452699.kaiju.out	0.000028	5	196117	Methanocaldococcaceae
ERR3452699.kaiju.out	0.000028	5	206349	Hydrogenophilaceae
ERR3452699.kaiju.out	0.000028	5	227387	Thermodesulfobiaceae
ERR3452699.kaiju.out	0.000028	5	320583	Conexibacteraceae
ERR3452699.kaiju.out	0.000028	5	1890436	Pseudanabaenaceae
ERR3452699.kaiju.out	0.000028	5	1890464	Chroococcaceae
ERR3452699.kaiju.out	0.000028	5	1920240	Kangiellaceae
ERR3452699.kaiju.out	0.000028	5	2008790	Thiobacillaceae
ERR3452699.kaiju.out	0.000028	5	2211325	Vicinamibacteraceae
ERR3452699.kaiju.out	0.000028	5	2815910	Geminocystaceae
ERR3452699.kaiju.out	0.000022	4	2307	Pyrodictiaceae
ERR3452699.kaiju.out	0.000022	4	69657	Hyphomonadaceae
ERR3452699.kaiju.out	0.000022	4	83778	Kineosporiaceae
ERR3452699.kaiju.out	0.000022	4	85029	Dietziaceae
ERR3452699.kaiju.out	0.000022	4	143067	Methanotrichaceae
ERR3452699.kaiju.out	0.000022	4	255526	Halothiobacillaceae
ERR3452699.kaiju.out	0.000022	4	263369	Bacteriovoracaceae
ERR3452699.kaiju.out	0.000022	4	267892	Ferrimonadaceae
ERR3452699.kaiju.out	0.000022	4	320599	Solirubrobacteraceae
ERR3452699.kaiju.out	0.000022	4	566277	Lentisphaeraceae
ERR3452699.kaiju.out	0.000022	4	641876	Elusimicrobiaceae
ERR3452699.kaiju.out	0.000022	4	742031	Salinisphaeraceae
ERR3452699.kaiju.out	0.000022	4	1191479	Magnetococcaceae
ERR3452699.kaiju.out	0.000022	4	1331809	Kordiimonadaceae
ERR3452699.kaiju.out	0.000022	4	1505234	Chitinivibrionaceae
ERR3452699.kaiju.out	0.000022	4	1508635	Roseiflexaceae
ERR3452699.kaiju.out	0.000022	4	1648490	Rubritaleaceae
ERR3452699.kaiju.out	0.000022	4	1860138	Chitinispirillaceae
ERR3452699.kaiju.out	0.000022	4	1892263	Hapalosiphonaceae
ERR3452699.kaiju.out	0.000022	4	1934946	Immundisolibacteraceae
ERR3452699.kaiju.out	0.000022	4	1970190	Salinivirgaceae
ERR3452699.kaiju.out	0.000022	4	2562242	Thermoanaerobaculaceae
ERR3452699.kaiju.out	0.000022	4	2726069	Kribbellaceae
ERR3452699.kaiju.out	0.000022	4	2762301	Marivirgaceae
ERR3452699.kaiju.out	0.000017	3	942	Anaplasmataceae
ERR3452699.kaiju.out	0.000017	3	45404	Beijerinckiaceae
ERR3452699.kaiju.out	0.000017	3	46630	Picrophilaceae
ERR3452699.kaiju.out	0.000017	3	118883	Sulfolobaceae
ERR3452699.kaiju.out	0.000017	3	125316	Beutenbergiaceae
ERR3452699.kaiju.out	0.000017	3	255474	Parvularculaceae
ERR3452699.kaiju.out	0.000017	3	255527	Saccharospirillaceae
ERR3452699.kaiju.out	0.000017	3	292630	Hydrogenimonaceae
ERR3452699.kaiju.out	0.000017	3	412447	Criblamydiaceae
ERR3452699.kaiju.out	0.000017	3	655351	Cohaesibacteraceae
ERR3452699.kaiju.out	0.000017	3	666507	Phycisphaeraceae
ERR3452699.kaiju.out	0.000017	3	1392996	Candidatus Methanoperedenaceae
ERR3452699.kaiju.out	0.000017	3	1553902	Oligoflexaceae
ERR3452699.kaiju.out	0.000017	3	1643685	Borreliaceae
ERR3452699.kaiju.out	0.000017	3	1663426	Fimbriimonadaceae
ERR3452699.kaiju.out	0.000017	3	1769717	Mesoaciditogaceae
ERR3452699.kaiju.out	0.000017	3	1921783	Kiritimatiellaceae
ERR3452699.kaiju.out	0.000017	3	2301193	Balneatrichaceae
ERR3452699.kaiju.out	0.000017	3	2448023	Ilumatobacteraceae
ERR3452699.kaiju.out	0.000011	2	2272	Desulfurococcaceae
ERR3452699.kaiju.out	0.000011	2	580372	Mariprofundaceae
ERR3452699.kaiju.out	0.000011	2	597359	Kiloniellaceae
ERR3452699.kaiju.out	0.000011	2	622454	Cryptosporangiaceae
ERR3452699.kaiju.out	0.000011	2	1033997	Nitrososphaeraceae
ERR3452699.kaiju.out	0.000011	2	1055686	Sandaracinaceae
ERR3452699.kaiju.out	0.000011	2	1100104	Brevinemataceae
ERR3452699.kaiju.out	0.000011	2	1460864	Methanocalculaceae
ERR3452699.kaiju.out	0.000011	2	1486721	Methylothermaceae
ERR3452699.kaiju.out	0.000011	2	1524216	Labilitrichaceae
ERR3452699.kaiju.out	0.000011	2	1676141	Wenzhouxiangellaceae
ERR3452699.kaiju.out	0.000011	2	1747776	Cuniculiplasmataceae
ERR3452699.kaiju.out	0.000011	2	1769745	Pseudobacteriovoracaceae
ERR3452699.kaiju.out	0.000011	2	1798913	Microthrixaceae
ERR3452699.kaiju.out	0.000011	2	1836792	Chthoniobacteraceae
ERR3452699.kaiju.out	0.000011	2	1890422	Gloeobacteraceae
ERR3452699.kaiju.out	0.000011	2	1890528	Chroococcidiopsidaceae
ERR3452699.kaiju.out	0.000011	2	1915415	Candidatus Methanomethyliaceae
ERR3452699.kaiju.out	0.000011	2	1963271	Halorubraceae
ERR3452699.kaiju.out	0.000011	2	2036754	Chelatococcaceae
ERR3452699.kaiju.out	0.000011	2	2100208	Caedimonadaceae
ERR3452699.kaiju.out	0.000011	2	2152899	Candidatus Fermentibacteraceae
ERR3452699.kaiju.out	0.000011	2	2772226	Sulfuricellaceae
ERR3452699.kaiju.out	0.000011	2	2805416	Jatrophihabitantaceae
ERR3452699.kaiju.out	0.000011	2	2813035	Parvibaculaceae
ERR3452699.kaiju.out	0.000011	2	2813951	Terasakiellaceae
ERR3452699.kaiju.out	0.000011	2	2814874	Neomegalonemataceae
ERR3452699.kaiju.out	0.000006	1	809	Chlamydiaceae
ERR3452699.kaiju.out	0.000006	1	2236	Halobacteriaceae
ERR3452699.kaiju.out	0.000006	1	46659	Thermoplasmataceae
ERR3452699.kaiju.out	0.000006	1	90142	Ferroplasmaceae
ERR3452699.kaiju.out	0.000006	1	104174	Oscillochloridaceae
ERR3452699.kaiju.out	0.000006	1	224464	Kofleriaceae
ERR3452699.kaiju.out	0.000006	1	225059	Thermithiobacillaceae
ERR3452699.kaiju.out	0.000006	1	332247	Trueperaceae
ERR3452699.kaiju.out	0.000006	1	338190	Nitrosopumilaceae
ERR3452699.kaiju.out	0.000006	1	513556	Syntrophorhabdaceae
ERR3452699.kaiju.out	0.000006	1	596498	Nitriliruptoraceae
ERR3452699.kaiju.out	0.000006	1	622451	Actinopolysporaceae
ERR3452699.kaiju.out	0.000006	1	660062	Methermicoccaceae
ERR3452699.kaiju.out	0.000006	1	795749	Ignavibacteriaceae
ERR3452699.kaiju.out	0.000006	1	1328881	Candidatus Midichloriaceae
ERR3452699.kaiju.out	0.000006	1	1400857	Candidatus Competibacteraceae
ERR3452699.kaiju.out	0.000006	1	1777752	Candidatus Paracaedibacteraceae
ERR3452699.kaiju.out	0.000006	1	1868322	Candidatus Thermochlorobacteriaceae
ERR3452699.kaiju.out	0.000006	1	1890428	Merismopediaceae
ERR3452699.kaiju.out	0.000006	1	1890431	Chamaesiphonaceae
ERR3452699.kaiju.out	0.000006	1	1890497	Hydrococcaceae
ERR3452699.kaiju.out	0.000006	1	1892255	Gomontiellaceae
ERR3452699.kaiju.out	0.000006	1	2048906	Pyrinomonadaceae
ERR3452699.kaiju.out	0.000006	1	2137278	Salinarimonadaceae
ERR3452699.kaiju.out	0.000006	1	2202724	Methanonatronarchaeaceae
ERR3452699.kaiju.out	0.000006	1	2212439	Thiolinaceae
ERR3452699.kaiju.out	0.000006	1	2690195	Elioraeaceae
ERR3452699.kaiju.out	0.157339	28047	10239	Viruses
ERR3452699.kaiju.out	11.083824	1975787	NA	cannot be assigned to a (non-viral) family
ERR3452699.kaiju.out	13.751028	2451239	NA	unclassified
